path,area,preview
.next/_events_19212.json,.,"[{""eventName"":""NEXT_CLI_SESSION_STOPPED"",""payload"":{""nextVersion"":""16.2.7"",""nodeVersion"":""v24.14.0"",""cliCommand"":""dev"",""durationMilliseconds"":7421,""turboFlag"":true,""pagesDir"":false,""appDir"":true,""isRs"
.next/app-path-routes-manifest.json,.,"{   ""/_global-error/page"": ""/_global-error"",   ""/_not-found/page"": ""/_not-found"",   ""/api/conditions/sync/route"": ""/api/conditions/sync"",   ""/api/resorts/[id]/route"": ""/api/resorts/[id]"",   ""/api/reso"
.next/build-manifest.json,.,"{   ""pages"": {     ""/_app"": []   },   ""devFiles"": [],   ""polyfillFiles"": [     ""static/chunks/0cz1d0mv5g_q7.js""   ],   ""lowPriorityFiles"": [     ""static/-wAVKDZ8tYn8LuAVORQoN/_buildManifest.js"",     """
.next/diagnostics/build-diagnostics.json,.,"{   ""buildStage"": ""static-generation"",   ""buildOptions"": {     ""useBuildWorker"": ""true""   } }"
.next/diagnostics/framework.json,.,"{""name"":""Next.js"",""version"":""16.2.7""}"
.next/diagnostics/route-bundle-stats.json,.,"[   {     ""route"": ""/plan"",     ""firstLoadUncompressedJsBytes"": 590337,     ""firstLoadChunkPaths"": [       "".next\\static\\chunks\\05-c3ty_6dwfk.js"",       "".next\\static\\chunks\\14mrh2-p_w84d.js"",  "
.next/export-marker.json,.,"{   ""version"": 1,   ""hasExportPathMap"": false,   ""exportTrailingSlash"": false,   ""isNextImageImported"": false }"
.next/fallback-build-manifest.json,.,"{   ""pages"": {     ""/_app"": []   },   ""devFiles"": [],   ""polyfillFiles"": [],   ""lowPriorityFiles"": [     ""static/-wAVKDZ8tYn8LuAVORQoN/_buildManifest.js"",     ""static/-wAVKDZ8tYn8LuAVORQoN/_ssgManifes"
.next/images-manifest.json,.,"{   ""version"": 1,   ""images"": {     ""deviceSizes"": [       640,       750,       828,       1080,       1200,       1920,       2048,       3840     ],     ""imageSizes"": [       32,       48,       64"
.next/next-minimal-server.js.nft.json,.,"{""version"":1,""files"":[""../node_modules/client-only/index.js"",""../node_modules/client-only/package.json"",""../node_modules/next/dist/client/components/app-router-headers.js"",""../node_modules/next/dist/c"
.next/next-server.js.nft.json,.,"{""version"":1,""files"":[""../node_modules/@img/colour/color.cjs"",""../node_modules/@img/colour/index.cjs"",""../node_modules/@img/colour/package.json"",""../node_modules/@img/sharp-win32-x64/lib/sharp-win32-x"
.next/package.json,.,"{""type"": ""commonjs""}"
.next/prerender-manifest.json,.,"{   ""version"": 4,   ""routes"": {     ""/_global-error"": {       ""experimentalBypassFor"": [         {           ""type"": ""header"",           ""key"": ""next-action""         },         {           ""type"": ""he"
.next/required-server-files.js,.,"self.__SERVER_FILES_MANIFEST={   ""version"": 1,   ""config"": {     ""env"": {},     ""webpack"": null,     ""typescript"": {       ""ignoreBuildErrors"": false     },     ""typedRoutes"": false,     ""distDir"": ""."
.next/required-server-files.json,.,"{   ""version"": 1,   ""config"": {     ""env"": {},     ""webpack"": null,     ""typescript"": {       ""ignoreBuildErrors"": false     },     ""typedRoutes"": false,     ""distDir"": "".next"",     ""cleanDistDir"": tr"
.next/routes-manifest.json,.,"{   ""version"": 3,   ""pages404"": true,   ""appType"": ""app"",   ""caseSensitive"": false,   ""basePath"": """",   ""redirects"": [     {       ""source"": ""/:path+/"",       ""destination"": ""/:path+"",       ""internal"
.next/server/app-paths-manifest.json,.,"{   ""/_global-error/page"": ""app/_global-error/page.js"",   ""/_not-found/page"": ""app/_not-found/page.js"",   ""/api/conditions/sync/route"": ""app/api/conditions/sync/route.js"",   ""/api/resorts/[id]/route"":"
.next/server/app/_global-error.html,.,"<!DOCTYPE html><html id=""__next_error__""><head><meta charSet=""utf-8""/><meta name=""viewport"" content=""width=device-width, initial-scale=1""/><link rel=""preload"" as=""script"" fetchPriority=""low"" href=""/_n"
.next/server/app/_global-error/page.js,.,"var R=require(""../../chunks/ssr/[turbopack]_runtime.js"")(""server/app/_global-error/page.js"") R.c(""server/chunks/ssr/[root-of-the-server]__0m9rmya._.js"") R.c(""server/chunks/ssr/node_modules_next_dist_0"
.next/server/app/_global-error/page.js.nft.json,.,"{""version"":1,""files"":[""../../../../node_modules/@swc/helpers/cjs/_interop_require_default.cjs"",""../../../../node_modules/@swc/helpers/package.json"",""../../../../node_modules/next/dist/build/adapter/se"
.next/server/app/_global-error/page/app-paths-manifest.json,.,"{   ""/_global-error/page"": ""app/_global-error/page.js"" }"
.next/server/app/_global-error/page/build-manifest.json,.,"{   ""devFiles"": [],   ""ampDevFiles"": [],   ""polyfillFiles"": [     ""static/chunks/0cz1d0mv5g_q7.js""   ],   ""lowPriorityFiles"": [],   ""rootMainFiles"": [     ""static/chunks/3z5q_p4msz2ha.js"",     ""static"
.next/server/app/_global-error/page/next-font-manifest.json,.,"{   ""pages"": {},   ""app"": {},   ""appUsingSizeAdjust"": false,   ""pagesUsingSizeAdjust"": false }"
.next/server/app/_global-error/page/react-loadable-manifest.json,.,{}
.next/server/app/_global-error/page/server-reference-manifest.json,.,"{   ""node"": {},   ""edge"": {} }"
.next/server/app/_global-error/page_client-reference-manifest.js,.,"globalThis.__RSC_MANIFEST = globalThis.__RSC_MANIFEST || {}; globalThis.__RSC_MANIFEST[""/_global-error/page""] = {""moduleLoading"":{""prefix"":"""",""crossOrigin"":null},""clientModules"":{""[project]/node_modul"
.next/server/app/_not-found.html,.,"<!DOCTYPE html><html lang=""en"" class=""h-full antialiased""><head><meta charSet=""utf-8""/><meta name=""viewport"" content=""width=device-width, initial-scale=1""/><link rel=""stylesheet"" href=""/_next/static/c"
.next/server/app/_not-found/page.js,.,"var R=require(""../../chunks/ssr/[turbopack]_runtime.js"")(""server/app/_not-found/page.js"") R.c(""server/chunks/ssr/[root-of-the-server]__049xgqk._.js"") R.c(""server/chunks/ssr/node_modules_next_dist_0ayh"
.next/server/app/_not-found/page.js.nft.json,.,"{""version"":1,""files"":[""../../../../node_modules/@swc/helpers/cjs/_interop_require_default.cjs"",""../../../../node_modules/@swc/helpers/package.json"",""../../../../node_modules/next/dist/build/adapter/se"
.next/server/app/_not-found/page/app-paths-manifest.json,.,"{   ""/_not-found/page"": ""app/_not-found/page.js"" }"
.next/server/app/_not-found/page/build-manifest.json,.,"{   ""devFiles"": [],   ""ampDevFiles"": [],   ""polyfillFiles"": [     ""static/chunks/0cz1d0mv5g_q7.js""   ],   ""lowPriorityFiles"": [],   ""rootMainFiles"": [     ""static/chunks/3z5q_p4msz2ha.js"",     ""static"
.next/server/app/_not-found/page/next-font-manifest.json,.,"{   ""pages"": {},   ""app"": {},   ""appUsingSizeAdjust"": false,   ""pagesUsingSizeAdjust"": false }"
.next/server/app/_not-found/page/react-loadable-manifest.json,.,{}
.next/server/app/_not-found/page/server-reference-manifest.json,.,"{   ""node"": {},   ""edge"": {} }"
.next/server/app/_not-found/page_client-reference-manifest.js,.,"globalThis.__RSC_MANIFEST = globalThis.__RSC_MANIFEST || {}; globalThis.__RSC_MANIFEST[""/_not-found/page""] = {""moduleLoading"":{""prefix"":"""",""crossOrigin"":null},""clientModules"":{""[project]/node_modules/"
.next/server/app/api/conditions/sync/route.js,.,"var R=require(""../../../../chunks/[turbopack]_runtime.js"")(""server/app/api/conditions/sync/route.js"") R.c(""server/chunks/[root-of-the-server]__1kbi3kj._.js"") R.c(""server/chunks/src_lib_resorts_ts_0piw"
.next/server/app/api/conditions/sync/route.js.nft.json,.,"{""version"":1,""files"":[""../../../../../../node_modules/@swc/helpers/cjs/_interop_require_default.cjs"",""../../../../../../node_modules/@swc/helpers/package.json"",""../../../../../../node_modules/next/dis"
.next/server/app/api/conditions/sync/route/app-paths-manifest.json,.,"{   ""/api/conditions/sync/route"": ""app/api/conditions/sync/route.js"" }"
.next/server/app/api/conditions/sync/route/build-manifest.json,.,"{   ""devFiles"": [],   ""ampDevFiles"": [],   ""polyfillFiles"": [],   ""lowPriorityFiles"": [],   ""rootMainFiles"": [],   ""pages"": {},   ""ampFirstPages"": [] }"
.next/server/app/api/conditions/sync/route/server-reference-manifest.json,.,"{   ""node"": {},   ""edge"": {} }"
.next/server/app/api/conditions/sync/route_client-reference-manifest.js,.,"globalThis.__RSC_MANIFEST = globalThis.__RSC_MANIFEST || {}; globalThis.__RSC_MANIFEST[""/api/conditions/sync/route""] = {""moduleLoading"":{""prefix"":"""",""crossOrigin"":null},""clientModules"":{},""ssrModuleMa"
.next/server/app/api/resorts/[id]/route.js,.,"var R=require(""../../../../chunks/[turbopack]_runtime.js"")(""server/app/api/resorts/[id]/route.js"") R.c(""server/chunks/[root-of-the-server]__0g3usfo._.js"") R.c(""server/chunks/[root-of-the-server]__0xua"
.next/server/app/api/resorts/[id]/route.js.nft.json,.,"{""version"":1,""files"":[""../../../../../../node_modules/@swc/helpers/cjs/_interop_require_default.cjs"",""../../../../../../node_modules/@swc/helpers/package.json"",""../../../../../../node_modules/next/dis"
.next/server/app/api/resorts/[id]/route/app-paths-manifest.json,.,"{   ""/api/resorts/[id]/route"": ""app/api/resorts/[id]/route.js"" }"
.next/server/app/api/resorts/[id]/route/build-manifest.json,.,"{   ""devFiles"": [],   ""ampDevFiles"": [],   ""polyfillFiles"": [],   ""lowPriorityFiles"": [],   ""rootMainFiles"": [],   ""pages"": {},   ""ampFirstPages"": [] }"
.next/server/app/api/resorts/[id]/route/server-reference-manifest.json,.,"{   ""node"": {},   ""edge"": {} }"
.next/server/app/api/resorts/[id]/route_client-reference-manifest.js,.,"globalThis.__RSC_MANIFEST = globalThis.__RSC_MANIFEST || {}; globalThis.__RSC_MANIFEST[""/api/resorts/[id]/route""] = {""moduleLoading"":{""prefix"":"""",""crossOrigin"":null},""clientModules"":{},""ssrModuleMappi"
.next/server/app/api/resorts/route.js,.,"var R=require(""../../../chunks/[turbopack]_runtime.js"")(""server/app/api/resorts/route.js"") R.c(""server/chunks/[root-of-the-server]__0eyk3gp._.js"") R.c(""server/chunks/[root-of-the-server]__0xuaoik._.js"
.next/server/app/api/resorts/route.js.nft.json,.,"{""version"":1,""files"":[""../../../../../node_modules/@swc/helpers/cjs/_interop_require_default.cjs"",""../../../../../node_modules/@swc/helpers/package.json"",""../../../../../node_modules/next/dist/build/a"
.next/server/app/api/resorts/route/app-paths-manifest.json,.,"{   ""/api/resorts/route"": ""app/api/resorts/route.js"" }"
.next/server/app/api/resorts/route/build-manifest.json,.,"{   ""devFiles"": [],   ""ampDevFiles"": [],   ""polyfillFiles"": [],   ""lowPriorityFiles"": [],   ""rootMainFiles"": [],   ""pages"": {},   ""ampFirstPages"": [] }"
.next/server/app/api/resorts/route/server-reference-manifest.json,.,"{   ""node"": {},   ""edge"": {} }"
.next/server/app/api/resorts/route_client-reference-manifest.js,.,"globalThis.__RSC_MANIFEST = globalThis.__RSC_MANIFEST || {}; globalThis.__RSC_MANIFEST[""/api/resorts/route""] = {""moduleLoading"":{""prefix"":"""",""crossOrigin"":null},""clientModules"":{},""ssrModuleMapping"":{"
.next/server/app/api/routes/matrix/route.js,.,"var R=require(""../../../../chunks/[turbopack]_runtime.js"")(""server/app/api/routes/matrix/route.js"") R.c(""server/chunks/[root-of-the-server]__1mlfch4._.js"") R.c(""server/chunks/src_lib_resorts_ts_0piwnn"
.next/server/app/api/routes/matrix/route.js.nft.json,.,"{""version"":1,""files"":[""../../../../../../node_modules/@swc/helpers/cjs/_interop_require_default.cjs"",""../../../../../../node_modules/@swc/helpers/package.json"",""../../../../../../node_modules/next/dis"
.next/server/app/api/routes/matrix/route/app-paths-manifest.json,.,"{   ""/api/routes/matrix/route"": ""app/api/routes/matrix/route.js"" }"
.next/server/app/api/routes/matrix/route/build-manifest.json,.,"{   ""devFiles"": [],   ""ampDevFiles"": [],   ""polyfillFiles"": [],   ""lowPriorityFiles"": [],   ""rootMainFiles"": [],   ""pages"": {},   ""ampFirstPages"": [] }"
.next/server/app/api/routes/matrix/route/server-reference-manifest.json,.,"{   ""node"": {},   ""edge"": {} }"
.next/server/app/api/routes/matrix/route_client-reference-manifest.js,.,"globalThis.__RSC_MANIFEST = globalThis.__RSC_MANIFEST || {}; globalThis.__RSC_MANIFEST[""/api/routes/matrix/route""] = {""moduleLoading"":{""prefix"":"""",""crossOrigin"":null},""clientModules"":{},""ssrModuleMapp"
.next/server/app/api/trips/[id]/duplicate/route.js,.,"var R=require(""../../../../../chunks/[turbopack]_runtime.js"")(""server/app/api/trips/[id]/duplicate/route.js"") R.c(""server/chunks/[root-of-the-server]__1buv5b0._.js"") R.c(""server/chunks/[root-of-the-se"
.next/server/app/api/trips/[id]/duplicate/route.js.nft.json,.,"{""version"":1,""files"":[""../../../../../../../node_modules/@swc/helpers/cjs/_interop_require_default.cjs"",""../../../../../../../node_modules/@swc/helpers/package.json"",""../../../../../../../node_modules"
.next/server/app/api/trips/[id]/duplicate/route/app-paths-manifest.json,.,"{   ""/api/trips/[id]/duplicate/route"": ""app/api/trips/[id]/duplicate/route.js"" }"
.next/server/app/api/trips/[id]/duplicate/route/build-manifest.json,.,"{   ""devFiles"": [],   ""ampDevFiles"": [],   ""polyfillFiles"": [],   ""lowPriorityFiles"": [],   ""rootMainFiles"": [],   ""pages"": {},   ""ampFirstPages"": [] }"
.next/server/app/api/trips/[id]/duplicate/route/server-reference-manifest.json,.,"{   ""node"": {},   ""edge"": {} }"
.next/server/app/api/trips/[id]/duplicate/route_client-reference-manifest.js,.,"globalThis.__RSC_MANIFEST = globalThis.__RSC_MANIFEST || {}; globalThis.__RSC_MANIFEST[""/api/trips/[id]/duplicate/route""] = {""moduleLoading"":{""prefix"":"""",""crossOrigin"":null},""clientModules"":{},""ssrMod"
.next/server/app/api/trips/[id]/route.js,.,"var R=require(""../../../../chunks/[turbopack]_runtime.js"")(""server/app/api/trips/[id]/route.js"") R.c(""server/chunks/[root-of-the-server]__0sf9-hr._.js"") R.c(""server/chunks/[root-of-the-server]__0xuaoi"
.next/server/app/api/trips/[id]/route.js.nft.json,.,"{""version"":1,""files"":[""../../../../../../node_modules/@swc/helpers/cjs/_interop_require_default.cjs"",""../../../../../../node_modules/@swc/helpers/package.json"",""../../../../../../node_modules/next/dis"
.next/server/app/api/trips/[id]/route/app-paths-manifest.json,.,"{   ""/api/trips/[id]/route"": ""app/api/trips/[id]/route.js"" }"
.next/server/app/api/trips/[id]/route/build-manifest.json,.,"{   ""devFiles"": [],   ""ampDevFiles"": [],   ""polyfillFiles"": [],   ""lowPriorityFiles"": [],   ""rootMainFiles"": [],   ""pages"": {},   ""ampFirstPages"": [] }"
.next/server/app/api/trips/[id]/route/server-reference-manifest.json,.,"{   ""node"": {},   ""edge"": {} }"
.next/server/app/api/trips/[id]/route_client-reference-manifest.js,.,"globalThis.__RSC_MANIFEST = globalThis.__RSC_MANIFEST || {}; globalThis.__RSC_MANIFEST[""/api/trips/[id]/route""] = {""moduleLoading"":{""prefix"":"""",""crossOrigin"":null},""clientModules"":{},""ssrModuleMapping"
.next/server/app/api/trips/[id]/share/route.js,.,"var R=require(""../../../../../chunks/[turbopack]_runtime.js"")(""server/app/api/trips/[id]/share/route.js"") R.c(""server/chunks/[root-of-the-server]__07jqud-._.js"") R.c(""server/chunks/[root-of-the-server"
.next/server/app/api/trips/[id]/share/route.js.nft.json,.,"{""version"":1,""files"":[""../../../../../../../node_modules/@swc/helpers/cjs/_interop_require_default.cjs"",""../../../../../../../node_modules/@swc/helpers/package.json"",""../../../../../../../node_modules"
.next/server/app/api/trips/[id]/share/route/app-paths-manifest.json,.,"{   ""/api/trips/[id]/share/route"": ""app/api/trips/[id]/share/route.js"" }"
.next/server/app/api/trips/[id]/share/route/build-manifest.json,.,"{   ""devFiles"": [],   ""ampDevFiles"": [],   ""polyfillFiles"": [],   ""lowPriorityFiles"": [],   ""rootMainFiles"": [],   ""pages"": {},   ""ampFirstPages"": [] }"
.next/server/app/api/trips/[id]/share/route/server-reference-manifest.json,.,"{   ""node"": {},   ""edge"": {} }"
.next/server/app/api/trips/[id]/share/route_client-reference-manifest.js,.,"globalThis.__RSC_MANIFEST = globalThis.__RSC_MANIFEST || {}; globalThis.__RSC_MANIFEST[""/api/trips/[id]/share/route""] = {""moduleLoading"":{""prefix"":"""",""crossOrigin"":null},""clientModules"":{},""ssrModuleM"
.next/server/app/api/trips/chat/route.js,.,"var R=require(""../../../../chunks/[turbopack]_runtime.js"")(""server/app/api/trips/chat/route.js"") R.c(""server/chunks/[root-of-the-server]__0f3_wem._.js"") R.c(""server/chunks/src_lib_resorts_ts_0piwnn1._"
.next/server/app/api/trips/chat/route.js.nft.json,.,"{""version"":1,""files"":[""../../../../../../node_modules/@swc/helpers/cjs/_interop_require_default.cjs"",""../../../../../../node_modules/@swc/helpers/package.json"",""../../../../../../node_modules/google-a"
.next/server/app/api/trips/chat/route/app-paths-manifest.json,.,"{   ""/api/trips/chat/route"": ""app/api/trips/chat/route.js"" }"
.next/server/app/api/trips/chat/route/build-manifest.json,.,"{   ""devFiles"": [],   ""ampDevFiles"": [],   ""polyfillFiles"": [],   ""lowPriorityFiles"": [],   ""rootMainFiles"": [],   ""pages"": {},   ""ampFirstPages"": [] }"
.next/server/app/api/trips/chat/route/server-reference-manifest.json,.,"{   ""node"": {},   ""edge"": {} }"
.next/server/app/api/trips/chat/route_client-reference-manifest.js,.,"globalThis.__RSC_MANIFEST = globalThis.__RSC_MANIFEST || {}; globalThis.__RSC_MANIFEST[""/api/trips/chat/route""] = {""moduleLoading"":{""prefix"":"""",""crossOrigin"":null},""clientModules"":{},""ssrModuleMapping"
.next/server/app/api/trips/recommend/route.js,.,"var R=require(""../../../../chunks/[turbopack]_runtime.js"")(""server/app/api/trips/recommend/route.js"") R.c(""server/chunks/[root-of-the-server]__1idy-w_._.js"") R.c(""server/chunks/src_lib_resorts_ts_0piw"
.next/server/app/api/trips/recommend/route.js.nft.json,.,"{""version"":1,""files"":[""../../../../../../node_modules/@swc/helpers/cjs/_interop_require_default.cjs"",""../../../../../../node_modules/@swc/helpers/package.json"",""../../../../../../node_modules/google-a"
.next/server/app/api/trips/recommend/route/app-paths-manifest.json,.,"{   ""/api/trips/recommend/route"": ""app/api/trips/recommend/route.js"" }"
.next/server/app/api/trips/recommend/route/build-manifest.json,.,"{   ""devFiles"": [],   ""ampDevFiles"": [],   ""polyfillFiles"": [],   ""lowPriorityFiles"": [],   ""rootMainFiles"": [],   ""pages"": {},   ""ampFirstPages"": [] }"
.next/server/app/api/trips/recommend/route/server-reference-manifest.json,.,"{   ""node"": {},   ""edge"": {} }"
.next/server/app/api/trips/recommend/route_client-reference-manifest.js,.,"globalThis.__RSC_MANIFEST = globalThis.__RSC_MANIFEST || {}; globalThis.__RSC_MANIFEST[""/api/trips/recommend/route""] = {""moduleLoading"":{""prefix"":"""",""crossOrigin"":null},""clientModules"":{},""ssrModuleMa"
.next/server/app/api/trips/route.js,.,"var R=require(""../../../chunks/[turbopack]_runtime.js"")(""server/app/api/trips/route.js"") R.c(""server/chunks/[root-of-the-server]__1qq-1sg._.js"") R.c(""server/chunks/[root-of-the-server]__0xuaoik._.js"")"
.next/server/app/api/trips/route.js.nft.json,.,"{""version"":1,""files"":[""../../../../../node_modules/@swc/helpers/cjs/_interop_require_default.cjs"",""../../../../../node_modules/@swc/helpers/package.json"",""../../../../../node_modules/next/dist/build/a"
.next/server/app/api/trips/route/app-paths-manifest.json,.,"{   ""/api/trips/route"": ""app/api/trips/route.js"" }"
.next/server/app/api/trips/route/build-manifest.json,.,"{   ""devFiles"": [],   ""ampDevFiles"": [],   ""polyfillFiles"": [],   ""lowPriorityFiles"": [],   ""rootMainFiles"": [],   ""pages"": {},   ""ampFirstPages"": [] }"
.next/server/app/api/trips/route/server-reference-manifest.json,.,"{   ""node"": {},   ""edge"": {} }"
.next/server/app/api/trips/route_client-reference-manifest.js,.,"globalThis.__RSC_MANIFEST = globalThis.__RSC_MANIFEST || {}; globalThis.__RSC_MANIFEST[""/api/trips/route""] = {""moduleLoading"":{""prefix"":"""",""crossOrigin"":null},""clientModules"":{},""ssrModuleMapping"":{},"
.next/server/app/favicon.ico/route.js,.,"var R=require(""../../chunks/[turbopack]_runtime.js"")(""server/app/favicon.ico/route.js"") R.c(""server/chunks/[externals]_next_dist_1ce_grm._.js"") R.c(""server/chunks/[root-of-the-server]__0xuaoik._.js"") "
.next/server/app/favicon.ico/route.js.nft.json,.,"{""version"":1,""files"":[""../../../../node_modules/@swc/helpers/cjs/_interop_require_default.cjs"",""../../../../node_modules/@swc/helpers/package.json"",""../../../../node_modules/next/dist/build/adapter/se"
.next/server/app/favicon.ico/route/app-paths-manifest.json,.,"{   ""/favicon.ico/route"": ""app/favicon.ico/route.js"" }"
.next/server/app/favicon.ico/route/build-manifest.json,.,"{   ""devFiles"": [],   ""ampDevFiles"": [],   ""polyfillFiles"": [],   ""lowPriorityFiles"": [],   ""rootMainFiles"": [],   ""pages"": {},   ""ampFirstPages"": [] }"
.next/server/app/login/page.js,.,"var R=require(""../../chunks/ssr/[turbopack]_runtime.js"")(""server/app/login/page.js"") R.c(""server/chunks/ssr/[root-of-the-server]__17cavx4._.js"") R.c(""server/chunks/ssr/node_modules_next_dist_esm_build"
.next/server/app/login/page.js.nft.json,.,"{""version"":1,""files"":[""../../../../node_modules/@swc/helpers/cjs/_interop_require_default.cjs"",""../../../../node_modules/@swc/helpers/package.json"",""../../../../node_modules/next/dist/build/adapter/se"
.next/server/app/login/page/app-paths-manifest.json,.,"{   ""/login/page"": ""app/login/page.js"" }"
.next/server/app/login/page/build-manifest.json,.,"{   ""devFiles"": [],   ""ampDevFiles"": [],   ""polyfillFiles"": [     ""static/chunks/0cz1d0mv5g_q7.js""   ],   ""lowPriorityFiles"": [],   ""rootMainFiles"": [     ""static/chunks/3z5q_p4msz2ha.js"",     ""static"
.next/server/app/login/page/next-font-manifest.json,.,"{   ""pages"": {},   ""app"": {},   ""appUsingSizeAdjust"": false,   ""pagesUsingSizeAdjust"": false }"
.next/server/app/login/page/react-loadable-manifest.json,.,{}
.next/server/app/login/page/server-reference-manifest.json,.,"{   ""node"": {     ""00ce0dbc27091768e60fe72aaf1f979ef534af79fa"": {       ""workers"": {         ""app/login/page"": {           ""moduleId"": 59740,           ""async"": false,           ""exportedName"": ""signO"
.next/server/app/login/page_client-reference-manifest.js,.,"globalThis.__RSC_MANIFEST = globalThis.__RSC_MANIFEST || {}; globalThis.__RSC_MANIFEST[""/login/page""] = {""moduleLoading"":{""prefix"":"""",""crossOrigin"":null},""clientModules"":{""[project]/node_modules/next/"
.next/server/app/onboarding/page.js,.,"var R=require(""../../chunks/ssr/[turbopack]_runtime.js"")(""server/app/onboarding/page.js"") R.c(""server/chunks/ssr/[root-of-the-server]__1x8_nqi._.js"") R.c(""server/chunks/ssr/node_modules_next_dist_esm_"
.next/server/app/onboarding/page.js.nft.json,.,"{""version"":1,""files"":[""../../../../node_modules/@swc/helpers/cjs/_interop_require_default.cjs"",""../../../../node_modules/@swc/helpers/package.json"",""../../../../node_modules/next/dist/build/adapter/se"
.next/server/app/onboarding/page/app-paths-manifest.json,.,"{   ""/onboarding/page"": ""app/onboarding/page.js"" }"
.next/server/app/onboarding/page/build-manifest.json,.,"{   ""devFiles"": [],   ""ampDevFiles"": [],   ""polyfillFiles"": [     ""static/chunks/0cz1d0mv5g_q7.js""   ],   ""lowPriorityFiles"": [],   ""rootMainFiles"": [     ""static/chunks/3z5q_p4msz2ha.js"",     ""static"
.next/server/app/onboarding/page/next-font-manifest.json,.,"{   ""pages"": {},   ""app"": {},   ""appUsingSizeAdjust"": false,   ""pagesUsingSizeAdjust"": false }"
.next/server/app/onboarding/page/react-loadable-manifest.json,.,{}
.next/server/app/onboarding/page/server-reference-manifest.json,.,"{   ""node"": {     ""00ce0dbc27091768e60fe72aaf1f979ef534af79fa"": {       ""workers"": {         ""app/onboarding/page"": {           ""moduleId"": 23468,           ""async"": false,           ""exportedName"": """
.next/server/app/onboarding/page_client-reference-manifest.js,.,"globalThis.__RSC_MANIFEST = globalThis.__RSC_MANIFEST || {}; globalThis.__RSC_MANIFEST[""/onboarding/page""] = {""moduleLoading"":{""prefix"":"""",""crossOrigin"":null},""clientModules"":{""[project]/node_modules/"
.next/server/app/page.js,.,"var R=require(""../chunks/ssr/[turbopack]_runtime.js"")(""server/app/page.js"") R.c(""server/chunks/ssr/[root-of-the-server]__1gb4rdz._.js"") R.c(""server/chunks/ssr/node_modules_next_dist_esm_build_template"
.next/server/app/page.js.nft.json,.,"{""version"":1,""files"":[""../../../node_modules/@swc/helpers/cjs/_interop_require_default.cjs"",""../../../node_modules/@swc/helpers/package.json"",""../../../node_modules/next/dist/build/adapter/setup-node-"
.next/server/app/page/app-paths-manifest.json,.,"{   ""/page"": ""app/page.js"" }"
.next/server/app/page/build-manifest.json,.,"{   ""devFiles"": [],   ""ampDevFiles"": [],   ""polyfillFiles"": [     ""static/chunks/0cz1d0mv5g_q7.js""   ],   ""lowPriorityFiles"": [],   ""rootMainFiles"": [     ""static/chunks/3z5q_p4msz2ha.js"",     ""static"
.next/server/app/page/next-font-manifest.json,.,"{   ""pages"": {},   ""app"": {},   ""appUsingSizeAdjust"": false,   ""pagesUsingSizeAdjust"": false }"
.next/server/app/page/react-loadable-manifest.json,.,{}
.next/server/app/page/server-reference-manifest.json,.,"{   ""node"": {     ""00ce0dbc27091768e60fe72aaf1f979ef534af79fa"": {       ""workers"": {         ""app/page"": {           ""moduleId"": 6415,           ""async"": false,           ""exportedName"": ""signOut"",   "
.next/server/app/page_client-reference-manifest.js,.,"globalThis.__RSC_MANIFEST = globalThis.__RSC_MANIFEST || {}; globalThis.__RSC_MANIFEST[""/page""] = {""moduleLoading"":{""prefix"":"""",""crossOrigin"":null},""clientModules"":{""[project]/node_modules/next/dist/e"
.next/server/app/plan/page.js,.,"var R=require(""../../chunks/ssr/[turbopack]_runtime.js"")(""server/app/plan/page.js"") R.c(""server/chunks/ssr/[root-of-the-server]__1kvuu9m._.js"") R.c(""server/chunks/ssr/node_modules_next_dist_esm_build_"
.next/server/app/plan/page.js.nft.json,.,"{""version"":1,""files"":[""../../../../node_modules/@swc/helpers/cjs/_interop_require_default.cjs"",""../../../../node_modules/@swc/helpers/package.json"",""../../../../node_modules/next/dist/build/adapter/se"
.next/server/app/plan/page/app-paths-manifest.json,.,"{   ""/plan/page"": ""app/plan/page.js"" }"
.next/server/app/plan/page/build-manifest.json,.,"{   ""devFiles"": [],   ""ampDevFiles"": [],   ""polyfillFiles"": [     ""static/chunks/0cz1d0mv5g_q7.js""   ],   ""lowPriorityFiles"": [],   ""rootMainFiles"": [     ""static/chunks/3z5q_p4msz2ha.js"",     ""static"
.next/server/app/plan/page/next-font-manifest.json,.,"{   ""pages"": {},   ""app"": {},   ""appUsingSizeAdjust"": false,   ""pagesUsingSizeAdjust"": false }"
.next/server/app/plan/page/react-loadable-manifest.json,.,{}
.next/server/app/plan/page/server-reference-manifest.json,.,"{   ""node"": {     ""00ce0dbc27091768e60fe72aaf1f979ef534af79fa"": {       ""workers"": {         ""app/plan/page"": {           ""moduleId"": 12311,           ""async"": false,           ""exportedName"": ""signOu"
.next/server/app/plan/page_client-reference-manifest.js,.,"globalThis.__RSC_MANIFEST = globalThis.__RSC_MANIFEST || {}; globalThis.__RSC_MANIFEST[""/plan/page""] = {""moduleLoading"":{""prefix"":"""",""crossOrigin"":null},""clientModules"":{""[project]/node_modules/next/d"
.next/server/app/privacy/page.js,.,"var R=require(""../../chunks/ssr/[turbopack]_runtime.js"")(""server/app/privacy/page.js"") R.c(""server/chunks/ssr/[root-of-the-server]__1l4q-nu._.js"") R.c(""server/chunks/ssr/node_modules_next_dist_esm_bui"
.next/server/app/privacy/page.js.nft.json,.,"{""version"":1,""files"":[""../../../../node_modules/@swc/helpers/cjs/_interop_require_default.cjs"",""../../../../node_modules/@swc/helpers/package.json"",""../../../../node_modules/next/dist/build/adapter/se"
.next/server/app/privacy/page/app-paths-manifest.json,.,"{   ""/privacy/page"": ""app/privacy/page.js"" }"
.next/server/app/privacy/page/build-manifest.json,.,"{   ""devFiles"": [],   ""ampDevFiles"": [],   ""polyfillFiles"": [     ""static/chunks/0cz1d0mv5g_q7.js""   ],   ""lowPriorityFiles"": [],   ""rootMainFiles"": [     ""static/chunks/3z5q_p4msz2ha.js"",     ""static"
.next/server/app/privacy/page/next-font-manifest.json,.,"{   ""pages"": {},   ""app"": {},   ""appUsingSizeAdjust"": false,   ""pagesUsingSizeAdjust"": false }"
.next/server/app/privacy/page/react-loadable-manifest.json,.,{}
.next/server/app/privacy/page/server-reference-manifest.json,.,"{   ""node"": {     ""00ce0dbc27091768e60fe72aaf1f979ef534af79fa"": {       ""workers"": {         ""app/privacy/page"": {           ""moduleId"": 47423,           ""async"": false,           ""exportedName"": ""sig"
.next/server/app/privacy/page_client-reference-manifest.js,.,"globalThis.__RSC_MANIFEST = globalThis.__RSC_MANIFEST || {}; globalThis.__RSC_MANIFEST[""/privacy/page""] = {""moduleLoading"":{""prefix"":"""",""crossOrigin"":null},""clientModules"":{""[project]/node_modules/nex"
.next/server/app/profile/page.js,.,"var R=require(""../../chunks/ssr/[turbopack]_runtime.js"")(""server/app/profile/page.js"") R.c(""server/chunks/ssr/[root-of-the-server]__0on8y5n._.js"") R.c(""server/chunks/ssr/node_modules_next_dist_esm_bui"
.next/server/app/profile/page.js.nft.json,.,"{""version"":1,""files"":[""../../../../node_modules/@swc/helpers/cjs/_interop_require_default.cjs"",""../../../../node_modules/@swc/helpers/package.json"",""../../../../node_modules/next/dist/build/adapter/se"
.next/server/app/profile/page/app-paths-manifest.json,.,"{   ""/profile/page"": ""app/profile/page.js"" }"
.next/server/app/profile/page/build-manifest.json,.,"{   ""devFiles"": [],   ""ampDevFiles"": [],   ""polyfillFiles"": [     ""static/chunks/0cz1d0mv5g_q7.js""   ],   ""lowPriorityFiles"": [],   ""rootMainFiles"": [     ""static/chunks/3z5q_p4msz2ha.js"",     ""static"
.next/server/app/profile/page/next-font-manifest.json,.,"{   ""pages"": {},   ""app"": {},   ""appUsingSizeAdjust"": false,   ""pagesUsingSizeAdjust"": false }"
.next/server/app/profile/page/react-loadable-manifest.json,.,{}
.next/server/app/profile/page/server-reference-manifest.json,.,"{   ""node"": {     ""00ce0dbc27091768e60fe72aaf1f979ef534af79fa"": {       ""workers"": {         ""app/profile/page"": {           ""moduleId"": 78412,           ""async"": false,           ""exportedName"": ""sig"
.next/server/app/profile/page_client-reference-manifest.js,.,"globalThis.__RSC_MANIFEST = globalThis.__RSC_MANIFEST || {}; globalThis.__RSC_MANIFEST[""/profile/page""] = {""moduleLoading"":{""prefix"":"""",""crossOrigin"":null},""clientModules"":{""[project]/node_modules/nex"
.next/server/app/share/[token]/page.js,.,"var R=require(""../../../chunks/ssr/[turbopack]_runtime.js"")(""server/app/share/[token]/page.js"") R.c(""server/chunks/ssr/[root-of-the-server]__12g2y1w._.js"") R.c(""server/chunks/ssr/node_modules_next_dis"
.next/server/app/share/[token]/page.js.nft.json,.,"{""version"":1,""files"":[""../../../../../node_modules/@swc/helpers/cjs/_interop_require_default.cjs"",""../../../../../node_modules/@swc/helpers/package.json"",""../../../../../node_modules/next/dist/build/a"
.next/server/app/share/[token]/page/app-paths-manifest.json,.,"{   ""/share/[token]/page"": ""app/share/[token]/page.js"" }"
.next/server/app/share/[token]/page/build-manifest.json,.,"{   ""devFiles"": [],   ""ampDevFiles"": [],   ""polyfillFiles"": [     ""static/chunks/0cz1d0mv5g_q7.js""   ],   ""lowPriorityFiles"": [],   ""rootMainFiles"": [     ""static/chunks/3z5q_p4msz2ha.js"",     ""static"
.next/server/app/share/[token]/page/next-font-manifest.json,.,"{   ""pages"": {},   ""app"": {},   ""appUsingSizeAdjust"": false,   ""pagesUsingSizeAdjust"": false }"
.next/server/app/share/[token]/page/react-loadable-manifest.json,.,{}
.next/server/app/share/[token]/page/server-reference-manifest.json,.,"{   ""node"": {     ""00ce0dbc27091768e60fe72aaf1f979ef534af79fa"": {       ""workers"": {         ""app/share/[token]/page"": {           ""moduleId"": 9977,           ""async"": false,           ""exportedName"":"
.next/server/app/share/[token]/page_client-reference-manifest.js,.,"globalThis.__RSC_MANIFEST = globalThis.__RSC_MANIFEST || {}; globalThis.__RSC_MANIFEST[""/share/[token]/page""] = {""moduleLoading"":{""prefix"":"""",""crossOrigin"":null},""clientModules"":{""[project]/node_modul"
.next/server/app/terms/page.js,.,"var R=require(""../../chunks/ssr/[turbopack]_runtime.js"")(""server/app/terms/page.js"") R.c(""server/chunks/ssr/[root-of-the-server]__1di9_7m._.js"") R.c(""server/chunks/ssr/node_modules_next_dist_esm_build"
.next/server/app/terms/page.js.nft.json,.,"{""version"":1,""files"":[""../../../../node_modules/@swc/helpers/cjs/_interop_require_default.cjs"",""../../../../node_modules/@swc/helpers/package.json"",""../../../../node_modules/next/dist/build/adapter/se"
.next/server/app/terms/page/app-paths-manifest.json,.,"{   ""/terms/page"": ""app/terms/page.js"" }"
.next/server/app/terms/page/build-manifest.json,.,"{   ""devFiles"": [],   ""ampDevFiles"": [],   ""polyfillFiles"": [     ""static/chunks/0cz1d0mv5g_q7.js""   ],   ""lowPriorityFiles"": [],   ""rootMainFiles"": [     ""static/chunks/3z5q_p4msz2ha.js"",     ""static"
.next/server/app/terms/page/next-font-manifest.json,.,"{   ""pages"": {},   ""app"": {},   ""appUsingSizeAdjust"": false,   ""pagesUsingSizeAdjust"": false }"
.next/server/app/terms/page/react-loadable-manifest.json,.,{}
.next/server/app/terms/page/server-reference-manifest.json,.,"{   ""node"": {     ""00ce0dbc27091768e60fe72aaf1f979ef534af79fa"": {       ""workers"": {         ""app/terms/page"": {           ""moduleId"": 9966,           ""async"": false,           ""exportedName"": ""signOu"
.next/server/app/terms/page_client-reference-manifest.js,.,"globalThis.__RSC_MANIFEST = globalThis.__RSC_MANIFEST || {}; globalThis.__RSC_MANIFEST[""/terms/page""] = {""moduleLoading"":{""prefix"":"""",""crossOrigin"":null},""clientModules"":{""[project]/node_modules/next/"
.next/server/app/trips/[id]/page.js,.,"var R=require(""../../../chunks/ssr/[turbopack]_runtime.js"")(""server/app/trips/[id]/page.js"") R.c(""server/chunks/ssr/[root-of-the-server]__17ogwzg._.js"") R.c(""server/chunks/ssr/node_modules_next_dist_e"
.next/server/app/trips/[id]/page.js.nft.json,.,"{""version"":1,""files"":[""../../../../../node_modules/@swc/helpers/cjs/_interop_require_default.cjs"",""../../../../../node_modules/@swc/helpers/package.json"",""../../../../../node_modules/next/dist/build/a"
.next/server/app/trips/[id]/page/app-paths-manifest.json,.,"{   ""/trips/[id]/page"": ""app/trips/[id]/page.js"" }"
.next/server/app/trips/[id]/page/build-manifest.json,.,"{   ""devFiles"": [],   ""ampDevFiles"": [],   ""polyfillFiles"": [     ""static/chunks/0cz1d0mv5g_q7.js""   ],   ""lowPriorityFiles"": [],   ""rootMainFiles"": [     ""static/chunks/3z5q_p4msz2ha.js"",     ""static"
.next/server/app/trips/[id]/page/next-font-manifest.json,.,"{   ""pages"": {},   ""app"": {},   ""appUsingSizeAdjust"": false,   ""pagesUsingSizeAdjust"": false }"
.next/server/app/trips/[id]/page/react-loadable-manifest.json,.,{}
.next/server/app/trips/[id]/page/server-reference-manifest.json,.,"{   ""node"": {     ""00ce0dbc27091768e60fe72aaf1f979ef534af79fa"": {       ""workers"": {         ""app/trips/[id]/page"": {           ""moduleId"": 58309,           ""async"": false,           ""exportedName"": """
.next/server/app/trips/[id]/page_client-reference-manifest.js,.,"globalThis.__RSC_MANIFEST = globalThis.__RSC_MANIFEST || {}; globalThis.__RSC_MANIFEST[""/trips/[id]/page""] = {""moduleLoading"":{""prefix"":"""",""crossOrigin"":null},""clientModules"":{""[project]/node_modules/"
.next/server/app/trips/page.js,.,"var R=require(""../../chunks/ssr/[turbopack]_runtime.js"")(""server/app/trips/page.js"") R.c(""server/chunks/ssr/[root-of-the-server]__0zjbz7n._.js"") R.c(""server/chunks/ssr/node_modules_next_dist_esm_build"
.next/server/app/trips/page.js.nft.json,.,"{""version"":1,""files"":[""../../../../node_modules/@swc/helpers/cjs/_interop_require_default.cjs"",""../../../../node_modules/@swc/helpers/package.json"",""../../../../node_modules/next/dist/build/adapter/se"
.next/server/app/trips/page/app-paths-manifest.json,.,"{   ""/trips/page"": ""app/trips/page.js"" }"
.next/server/app/trips/page/build-manifest.json,.,"{   ""devFiles"": [],   ""ampDevFiles"": [],   ""polyfillFiles"": [     ""static/chunks/0cz1d0mv5g_q7.js""   ],   ""lowPriorityFiles"": [],   ""rootMainFiles"": [     ""static/chunks/3z5q_p4msz2ha.js"",     ""static"
.next/server/app/trips/page/next-font-manifest.json,.,"{   ""pages"": {},   ""app"": {},   ""appUsingSizeAdjust"": false,   ""pagesUsingSizeAdjust"": false }"
.next/server/app/trips/page/react-loadable-manifest.json,.,{}
.next/server/app/trips/page/server-reference-manifest.json,.,"{   ""node"": {     ""00ce0dbc27091768e60fe72aaf1f979ef534af79fa"": {       ""workers"": {         ""app/trips/page"": {           ""moduleId"": 26585,           ""async"": false,           ""exportedName"": ""signO"
.next/server/app/trips/page_client-reference-manifest.js,.,"globalThis.__RSC_MANIFEST = globalThis.__RSC_MANIFEST || {}; globalThis.__RSC_MANIFEST[""/trips/page""] = {""moduleLoading"":{""prefix"":"""",""crossOrigin"":null},""clientModules"":{""[project]/node_modules/next/"
.next/server/chunks/[externals]_next_dist_1ce_grm._.js,.,"module.exports=[18622,(e,r,t)=>{r.exports=e.x(""next/dist/compiled/next-server/app-page-turbo.runtime.prod.js"",()=>require(""next/dist/compiled/next-server/app-page-turbo.runtime.prod.js""))},56704,(e,r,"
.next/server/chunks/[root-of-the-server]__07jqud-._.js,.,"module.exports=[18622,(e,t,r)=>{t.exports=e.x(""next/dist/compiled/next-server/app-page-turbo.runtime.prod.js"",()=>require(""next/dist/compiled/next-server/app-page-turbo.runtime.prod.js""))},56704,(e,t,"
.next/server/chunks/[root-of-the-server]__0eyk3gp._.js,.,"module.exports=[18622,(e,t,r)=>{t.exports=e.x(""next/dist/compiled/next-server/app-page-turbo.runtime.prod.js"",()=>require(""next/dist/compiled/next-server/app-page-turbo.runtime.prod.js""))},56704,(e,t,"
.next/server/chunks/[root-of-the-server]__0f3_wem._.js,.,"module.exports=[18622,(e,t,r)=>{t.exports=e.x(""next/dist/compiled/next-server/app-page-turbo.runtime.prod.js"",()=>require(""next/dist/compiled/next-server/app-page-turbo.runtime.prod.js""))},56704,(e,t,"
.next/server/chunks/[root-of-the-server]__0g3usfo._.js,.,"module.exports=[18622,(e,t,r)=>{t.exports=e.x(""next/dist/compiled/next-server/app-page-turbo.runtime.prod.js"",()=>require(""next/dist/compiled/next-server/app-page-turbo.runtime.prod.js""))},56704,(e,t,"
.next/server/chunks/[root-of-the-server]__0sf9-hr._.js,.,"module.exports=[18622,(e,t,r)=>{t.exports=e.x(""next/dist/compiled/next-server/app-page-turbo.runtime.prod.js"",()=>require(""next/dist/compiled/next-server/app-page-turbo.runtime.prod.js""))},56704,(e,t,"
.next/server/chunks/[root-of-the-server]__0xuaoik._.js,.,"module.exports=[61724,(e,t,r)=>{t.exports=e.x(""next/dist/compiled/next-server/app-route-turbo.runtime.prod.js"",()=>require(""next/dist/compiled/next-server/app-route-turbo.runtime.prod.js""))},47909,(e,"
.next/server/chunks/[root-of-the-server]__1buv5b0._.js,.,"module.exports=[18622,(e,t,r)=>{t.exports=e.x(""next/dist/compiled/next-server/app-page-turbo.runtime.prod.js"",()=>require(""next/dist/compiled/next-server/app-page-turbo.runtime.prod.js""))},56704,(e,t,"
.next/server/chunks/[root-of-the-server]__1c7y46s._.js,.,"module.exports=[38047,(e,t,r)=>{function n(e,t){""boolean""==typeof t&&(t={forever:t}),this._originalTimeouts=JSON.parse(JSON.stringify(e)),this._timeouts=e,this._options=t||{},this._maxRetryTime=t&&t.m"
.next/server/chunks/[root-of-the-server]__1idy-w_._.js,.,"module.exports=[18622,(e,t,r)=>{t.exports=e.x(""next/dist/compiled/next-server/app-page-turbo.runtime.prod.js"",()=>require(""next/dist/compiled/next-server/app-page-turbo.runtime.prod.js""))},56704,(e,t,"
.next/server/chunks/[root-of-the-server]__1k5x3fc._.js,.,"module.exports=[59639,(e,t,r)=>{t.exports=e.x(""node:process"",()=>require(""node:process""))},18352,(e,t,r)=>{t.exports=e.x(""node:stream/web"",()=>require(""node:stream/web""))},10091,(e,t,r)=>{e.e,function"
.next/server/chunks/[root-of-the-server]__1kbi3kj._.js,.,"module.exports=[18622,(e,t,r)=>{t.exports=e.x(""next/dist/compiled/next-server/app-page-turbo.runtime.prod.js"",()=>require(""next/dist/compiled/next-server/app-page-turbo.runtime.prod.js""))},56704,(e,t,"
.next/server/chunks/[root-of-the-server]__1kdc5l7._.js,.,"module.exports=[49719,(e,t,r)=>{t.exports=e.x(""assert"",()=>require(""assert""))},41528,(e,t,r)=>{function o(e,t,r,o){return Math.round(e/r)+"" ""+o+(t>=1.5*r?""s"":"""")}t.exports=function(e,t){t=t||{};var r,"
.next/server/chunks/[root-of-the-server]__1mlfch4._.js,.,"module.exports=[18622,(e,t,r)=>{t.exports=e.x(""next/dist/compiled/next-server/app-page-turbo.runtime.prod.js"",()=>require(""next/dist/compiled/next-server/app-page-turbo.runtime.prod.js""))},56704,(e,t,"
.next/server/chunks/[root-of-the-server]__1qq-1sg._.js,.,"module.exports=[18622,(e,t,r)=>{t.exports=e.x(""next/dist/compiled/next-server/app-page-turbo.runtime.prod.js"",()=>require(""next/dist/compiled/next-server/app-page-turbo.runtime.prod.js""))},56704,(e,t,"
.next/server/chunks/[root-of-the-server]__1ud1v73._.js,.,"module.exports=[47299,(e,r,t)=>{r.exports=e.x(""node:http"",()=>require(""node:http""))},43698,(e,r,t)=>{r.exports=e.x(""node:https"",()=>require(""node:https""))},27028,(e,r,t)=>{r.exports=e.x(""node:zlib"",()"
.next/server/chunks/[root-of-the-server]__20dkhsd._.js,.,"module.exports=[2157,(e,t,r)=>{t.exports=e.x(""node:fs"",()=>require(""node:fs""))},50227,(e,t,r)=>{t.exports=e.x(""node:path"",()=>require(""node:path""))},37702,(e,t,r)=>{t.exports=e.x(""worker_threads"",()=>"
.next/server/chunks/[turbopack]_runtime.js,.,"const RUNTIME_PUBLIC_PATH = ""server/chunks/[turbopack]_runtime.js""; const RELATIVE_ROOT_PATH = ""..""; const ASSET_PREFIX = ""/""; const WORKER_FORWARDED_GLOBALS = [""NEXT_DEPLOYMENT_ID"",""NEXT_CLIENT_ASSET"
.next/server/chunks/_20szn2k._.js,.,"module.exports=[17374,(e,t,r)=>{""use strict"";Object.defineProperty(r,""__esModule"",{value:!0});var s={ActionDidNotRevalidate:function(){return i},ActionDidRevalidateDynamicOnly:function(){return o},Act"
.next/server/chunks/_next-internal_server_app_api_conditions_sync_route_actions_0nc-oxs.js,.,"module.exports=[21310,(e,o,d)=>{}];  //# sourceMappingURL=_next-internal_server_app_api_conditions_sync_route_actions_0nc-oxs.js.map"
.next/server/chunks/_next-internal_server_app_api_resorts_[id]_route_actions_1973wv7.js,.,"module.exports=[65117,(e,o,d)=>{}];  //# sourceMappingURL=_next-internal_server_app_api_resorts_%5Bid%5D_route_actions_1973wv7.js.map"
.next/server/chunks/_next-internal_server_app_api_resorts_route_actions_1-dec1j.js,.,"module.exports=[49757,(e,o,d)=>{}];  //# sourceMappingURL=_next-internal_server_app_api_resorts_route_actions_1-dec1j.js.map"
.next/server/chunks/_next-internal_server_app_api_routes_matrix_route_actions_10n_unz.js,.,"module.exports=[93794,(e,o,d)=>{}];  //# sourceMappingURL=_next-internal_server_app_api_routes_matrix_route_actions_10n_unz.js.map"
.next/server/chunks/_next-internal_server_app_api_trips_[id]_duplicate_route_actions_0cc-jgr.js,.,"module.exports=[169,(e,o,d)=>{}];  //# sourceMappingURL=_next-internal_server_app_api_trips_%5Bid%5D_duplicate_route_actions_0cc-jgr.js.map"
.next/server/chunks/_next-internal_server_app_api_trips_[id]_route_actions_1ounoxx.js,.,"module.exports=[20027,(e,o,d)=>{}];  //# sourceMappingURL=_next-internal_server_app_api_trips_%5Bid%5D_route_actions_1ounoxx.js.map"
.next/server/chunks/_next-internal_server_app_api_trips_[id]_share_route_actions_13zbq9f.js,.,"module.exports=[61658,(e,o,d)=>{}];  //# sourceMappingURL=_next-internal_server_app_api_trips_%5Bid%5D_share_route_actions_13zbq9f.js.map"
.next/server/chunks/_next-internal_server_app_api_trips_chat_route_actions_0hdk4y6.js,.,"module.exports=[29550,(e,o,d)=>{}];  //# sourceMappingURL=_next-internal_server_app_api_trips_chat_route_actions_0hdk4y6.js.map"
.next/server/chunks/_next-internal_server_app_api_trips_recommend_route_actions_1dx8czl.js,.,"module.exports=[99558,(e,o,d)=>{}];  //# sourceMappingURL=_next-internal_server_app_api_trips_recommend_route_actions_1dx8czl.js.map"
.next/server/chunks/_next-internal_server_app_api_trips_route_actions_0dhf3qe.js,.,"module.exports=[69216,(e,o,d)=>{}];  //# sourceMappingURL=_next-internal_server_app_api_trips_route_actions_0dhf3qe.js.map"
.next/server/chunks/_next-internal_server_app_favicon_ico_route_actions_0g2jjls.js,.,"module.exports=[15934,(e,o,d)=>{}];  //# sourceMappingURL=_next-internal_server_app_favicon_ico_route_actions_0g2jjls.js.map"
.next/server/chunks/node_modules_next_dist_esm_build_templates_app-route_12f2k_b.js,.,"module.exports=[27413,A=>{""use strict"";var w=A.i(47909),D=A.i(74017),P=A.i(96250),e=A.i(59756),t=A.i(61916),r=A.i(74677),o=A.i(69741),g=A.i(16795),a=A.i(87718),n=A.i(95169),i=A.i(47587),B=A.i(66012),s"
.next/server/chunks/node_modules_node-fetch_src_utils_multipart-parser_0a9aeam.js,.,"module.exports=[55057,e=>{""use strict"";e.i(34636);var t=e.i(99029),a=e.i(33329);let n=0,r={START_BOUNDARY:n++,HEADER_FIELD_START:n++,HEADER_FIELD:n++,HEADER_VALUE_START:n++,HEADER_VALUE:n++,HEADER_VAL"
.next/server/chunks/node_modules_node-fetch_src_utils_multipart-parser_0t1kxw2.js,.,"module.exports=[25897,e=>{e.v(s=>Promise.all([""server/chunks/node_modules_node-fetch_src_utils_multipart-parser_0a9aeam.js"",""server/chunks/[root-of-the-server]__20dkhsd._.js""].map(s=>e.l(s))).then(()="
.next/server/chunks/node_modules_node-fetch_src_utils_multipart-parser_1z0d5ij.js,.,"module.exports=[25897,e=>{e.v(s=>Promise.all([""server/chunks/node_modules_node-fetch_src_utils_multipart-parser_0a9aeam.js"",""server/chunks/[root-of-the-server]__20dkhsd._.js""].map(s=>e.l(s))).then(()="
.next/server/chunks/src_lib_resorts_ts_0piwnn1._.js,.,"module.exports=[69204,t=>{""use strict"";let e=[{id:""stowe"",name:""Stowe Mountain Resort"",slug:""stowe-mountain-resort"",state:""VT"",region:""northeast"",latitude:44.5297,longitude:-72.7798,elevationFt:4395,a"
.next/server/chunks/src_lib_validation_ts_0ugplpv._.js,.,"module.exports=[66545,e=>{""use strict"";let t=Object.freeze({status:""aborted""});function i(e,t,i){function n(i,n){if(i._zod||Object.defineProperty(i,""_zod"",{value:{def:n,constr:o,traits:new Set},enumer"
.next/server/chunks/ssr/[root-of-the-server]__00_25mk._.js,.,"module.exports=[66680,(a,b,c)=>{b.exports=a.x(""node:crypto"",()=>require(""node:crypto""))},26585,a=>{""use strict"";var b=a.i(6896);a.s([],68875),a.i(68875),a.s([""00ce0dbc27091768e60fe72aaf1f979ef534af79f"
.next/server/chunks/ssr/[root-of-the-server]__01-k-hk._.js,.,"module.exports=[18622,(a,b,c)=>{b.exports=a.x(""next/dist/compiled/next-server/app-page-turbo.runtime.prod.js"",()=>require(""next/dist/compiled/next-server/app-page-turbo.runtime.prod.js""))},56704,(a,b,"
.next/server/chunks/ssr/[root-of-the-server]__03c9baw._.js,.,"module.exports=[66680,(a,b,c)=>{b.exports=a.x(""node:crypto"",()=>require(""node:crypto""))},47423,a=>{""use strict"";var b=a.i(6896);a.s([],92913),a.i(92913),a.s([""00ce0dbc27091768e60fe72aaf1f979ef534af79f"
.next/server/chunks/ssr/[root-of-the-server]__049xgqk._.js,.,"module.exports=[93695,(a,b,c)=>{b.exports=a.x(""next/dist/shared/lib/no-fallback-error.external.js"",()=>require(""next/dist/shared/lib/no-fallback-error.external.js""))},64240,(a,b,c)=>{""use strict"";func"
.next/server/chunks/ssr/[root-of-the-server]__07amubx._.js,.,"module.exports=[66680,(a,b,c)=>{b.exports=a.x(""node:crypto"",()=>require(""node:crypto""))},12311,a=>{""use strict"";var b=a.i(6896);a.s([],721),a.i(721),a.s([""00ce0dbc27091768e60fe72aaf1f979ef534af79fa"",("
.next/server/chunks/ssr/[root-of-the-server]__08gh3q1._.js,.,"module.exports=[18622,(a,b,c)=>{b.exports=a.x(""next/dist/compiled/next-server/app-page-turbo.runtime.prod.js"",()=>require(""next/dist/compiled/next-server/app-page-turbo.runtime.prod.js""))},56704,(a,b,"
.next/server/chunks/ssr/[root-of-the-server]__0_gdrtq._.js,.,"module.exports=[66680,(a,b,c)=>{b.exports=a.x(""node:crypto"",()=>require(""node:crypto""))},58309,a=>{""use strict"";var b=a.i(6896);a.s([],93919),a.i(93919),a.s([""00ce0dbc27091768e60fe72aaf1f979ef534af79f"
.next/server/chunks/ssr/[root-of-the-server]__0b9we2c._.js,.,"module.exports=[66680,(a,b,c)=>{b.exports=a.x(""node:crypto"",()=>require(""node:crypto""))},78412,a=>{""use strict"";var b=a.i(6896);a.s([],66241),a.i(66241),a.s([""00ce0dbc27091768e60fe72aaf1f979ef534af79f"
.next/server/chunks/ssr/[root-of-the-server]__0epzek-._.js,.,"module.exports=[66680,(a,b,c)=>{b.exports=a.x(""node:crypto"",()=>require(""node:crypto""))},23468,a=>{""use strict"";var b=a.i(6896);a.s([],25702),a.i(25702),a.s([""00ce0dbc27091768e60fe72aaf1f979ef534af79f"
.next/server/chunks/ssr/[root-of-the-server]__0hfot4a._.js,.,"module.exports=[66680,(a,b,c)=>{b.exports=a.x(""node:crypto"",()=>require(""node:crypto""))},6415,a=>{""use strict"";var b=a.i(6896);a.s([],73687),a.i(73687),a.s([""00ce0dbc27091768e60fe72aaf1f979ef534af79fa"
.next/server/chunks/ssr/[root-of-the-server]__0k59m7v._.js,.,"module.exports=[14747,(a,b,c)=>{b.exports=a.x(""path"",()=>require(""path""))},20460,(a,b,c)=>{(()=>{""use strict"";""u"">typeof __nccwpck_require__&&(__nccwpck_require__.ab=""/ROOT/node_modules/next/dist/comp"
.next/server/chunks/ssr/[root-of-the-server]__0m9rmya._.js,.,"module.exports=[93695,(a,b,c)=>{b.exports=a.x(""next/dist/shared/lib/no-fallback-error.external.js"",()=>require(""next/dist/shared/lib/no-fallback-error.external.js""))},64240,(a,b,c)=>{""use strict"";func"
.next/server/chunks/ssr/[root-of-the-server]__0on8y5n._.js,.,"module.exports=[93695,(a,b,c)=>{b.exports=a.x(""next/dist/shared/lib/no-fallback-error.external.js"",()=>require(""next/dist/shared/lib/no-fallback-error.external.js""))},64240,(a,b,c)=>{""use strict"";func"
.next/server/chunks/ssr/[root-of-the-server]__0r7mso-._.js,.,"module.exports=[66680,(a,b,c)=>{b.exports=a.x(""node:crypto"",()=>require(""node:crypto""))},59740,a=>{""use strict"";var b=a.i(6896);a.s([],41042),a.i(41042),a.s([""00ce0dbc27091768e60fe72aaf1f979ef534af79f"
.next/server/chunks/ssr/[root-of-the-server]__0zjbz7n._.js,.,"module.exports=[93695,(a,b,c)=>{b.exports=a.x(""next/dist/shared/lib/no-fallback-error.external.js"",()=>require(""next/dist/shared/lib/no-fallback-error.external.js""))},64240,(a,b,c)=>{""use strict"";func"
.next/server/chunks/ssr/[root-of-the-server]__12g2y1w._.js,.,"module.exports=[93695,(a,b,c)=>{b.exports=a.x(""next/dist/shared/lib/no-fallback-error.external.js"",()=>require(""next/dist/shared/lib/no-fallback-error.external.js""))},64240,(a,b,c)=>{""use strict"";func"
.next/server/chunks/ssr/[root-of-the-server]__17cavx4._.js,.,"module.exports=[93695,(a,b,c)=>{b.exports=a.x(""next/dist/shared/lib/no-fallback-error.external.js"",()=>require(""next/dist/shared/lib/no-fallback-error.external.js""))},64240,(a,b,c)=>{""use strict"";func"
.next/server/chunks/ssr/[root-of-the-server]__17ogwzg._.js,.,"module.exports=[93695,(a,b,c)=>{b.exports=a.x(""next/dist/shared/lib/no-fallback-error.external.js"",()=>require(""next/dist/shared/lib/no-fallback-error.external.js""))},64240,(a,b,c)=>{""use strict"";func"
.next/server/chunks/ssr/[root-of-the-server]__1di9_7m._.js,.,"module.exports=[93695,(a,b,c)=>{b.exports=a.x(""next/dist/shared/lib/no-fallback-error.external.js"",()=>require(""next/dist/shared/lib/no-fallback-error.external.js""))},64240,(a,b,c)=>{""use strict"";func"
.next/server/chunks/ssr/[root-of-the-server]__1gb4rdz._.js,.,"module.exports=[93695,(a,b,c)=>{b.exports=a.x(""next/dist/shared/lib/no-fallback-error.external.js"",()=>require(""next/dist/shared/lib/no-fallback-error.external.js""))},64240,(a,b,c)=>{""use strict"";func"
.next/server/chunks/ssr/[root-of-the-server]__1kvuu9m._.js,.,"module.exports=[93695,(a,b,c)=>{b.exports=a.x(""next/dist/shared/lib/no-fallback-error.external.js"",()=>require(""next/dist/shared/lib/no-fallback-error.external.js""))},64240,(a,b,c)=>{""use strict"";func"
.next/server/chunks/ssr/[root-of-the-server]__1l4q-nu._.js,.,"module.exports=[93695,(a,b,c)=>{b.exports=a.x(""next/dist/shared/lib/no-fallback-error.external.js"",()=>require(""next/dist/shared/lib/no-fallback-error.external.js""))},64240,(a,b,c)=>{""use strict"";func"
.next/server/chunks/ssr/[root-of-the-server]__1orb2nq._.js,.,"module.exports=[66680,(a,b,c)=>{b.exports=a.x(""node:crypto"",()=>require(""node:crypto""))},9966,a=>{""use strict"";var b=a.i(6896);a.s([],54796),a.i(54796),a.s([""00ce0dbc27091768e60fe72aaf1f979ef534af79fa"
.next/server/chunks/ssr/[root-of-the-server]__1ssn822._.js,.,"module.exports=[66680,(a,b,c)=>{b.exports=a.x(""node:crypto"",()=>require(""node:crypto""))},9977,a=>{""use strict"";var b=a.i(6896);a.s([],66279),a.i(66279),a.s([""00ce0dbc27091768e60fe72aaf1f979ef534af79fa"
.next/server/chunks/ssr/[root-of-the-server]__1x8_nqi._.js,.,"module.exports=[93695,(a,b,c)=>{b.exports=a.x(""next/dist/shared/lib/no-fallback-error.external.js"",()=>require(""next/dist/shared/lib/no-fallback-error.external.js""))},64240,(a,b,c)=>{""use strict"";func"
.next/server/chunks/ssr/[turbopack]_runtime.js,.,"const RUNTIME_PUBLIC_PATH = ""server/chunks/ssr/[turbopack]_runtime.js""; const RELATIVE_ROOT_PATH = ""..""; const ASSET_PREFIX = ""/_next/""; const WORKER_FORWARDED_GLOBALS = [""NEXT_DEPLOYMENT_ID"",""NEXT_CL"
.next/server/chunks/ssr/_131pt3u._.js,.,"module.exports=[70106,98621,a=>{""use strict"";var b=a.i(72131);let c=a=>{let b=a.replace(/^([A-Z])|[\s-_]+(\w)/g,(a,b,c)=>c?c.toUpperCase():b.toLowerCase());return b.charAt(0).toUpperCase()+b.slice(1)}"
.next/server/chunks/ssr/_17nynbx._.js,.,"module.exports=[37936,(a,b,c)=>{""use strict"";Object.defineProperty(c,""__esModule"",{value:!0}),Object.defineProperty(c,""registerServerReference"",{enumerable:!0,get:function(){return d.registerServerRef"
.next/server/chunks/ssr/_1b1br4t._.js,.,"module.exports=[70106,98621,a=>{""use strict"";var b=a.i(72131);let c=a=>{let b=a.replace(/^([A-Z])|[\s-_]+(\w)/g,(a,b,c)=>c?c.toUpperCase():b.toLowerCase());return b.charAt(0).toUpperCase()+b.slice(1)}"
.next/server/chunks/ssr/_1czzsu5._.js,.,"module.exports=[87532,a=>{""use strict"";let b=(0,a.i(70106).default)(""search"",[[""path"",{d:""m21 21-4.34-4.34"",key:""14j7rj""}],[""circle"",{cx:""11"",cy:""11"",r:""8"",key:""4ej97u""}]]);a.s([""Search"",0,b],87532)},"
.next/server/chunks/ssr/_1onxk6j._.js,.,"module.exports=[87532,a=>{""use strict"";let b=(0,a.i(70106).default)(""search"",[[""path"",{d:""m21 21-4.34-4.34"",key:""14j7rj""}],[""circle"",{cx:""11"",cy:""11"",r:""8"",key:""4ej97u""}]]);a.s([""Search"",0,b],87532)},"
.next/server/chunks/ssr/_217o_zy._.js,.,"module.exports=[790,(a,b,c)=>{let{createClientModuleProxy:d}=a.r(11857);a.n(d(""[project]/node_modules/next/dist/client/app-dir/link.js <module evaluation>""))},84707,(a,b,c)=>{let{createClientModulePro"
.next/server/chunks/ssr/_next-internal_server_app__global-error_page_actions_0zi5s8-.js,.,"module.exports=[51033,(a,b,c)=>{}];  //# sourceMappingURL=_next-internal_server_app__global-error_page_actions_0zi5s8-.js.map"
.next/server/chunks/ssr/_next-internal_server_app__not-found_page_actions_0pt47yr.js,.,"module.exports=[57665,(a,b,c)=>{}];  //# sourceMappingURL=_next-internal_server_app__not-found_page_actions_0pt47yr.js.map"
.next/server/chunks/ssr/node_modules_0h91jdk._.js,.,"module.exports=[33354,(a,b,c)=>{""use strict"";c._=function(a){return a&&a.__esModule?a:{default:a}}},51234,(a,b,c)=>{""use strict"";Object.defineProperty(c,""__esModule"",{value:!0}),Object.defineProperty("
.next/server/chunks/ssr/node_modules_0vtauab._.js,.,"module.exports=[46058,(a,b,c)=>{""use strict"";function d(a){if(""function""!=typeof WeakMap)return null;var b=new WeakMap,c=new WeakMap;return(d=function(a){return a?c:b})(a)}c._=function(a,b){if(!b&&a&&"
.next/server/chunks/ssr/node_modules_leaflet_dist_leaflet-src_1de3iy2.js,.,"module.exports=[99661,(a,b,c)=>{a.e,function(a){""use strict"";function b(a){var b,c,d,e;for(c=1,d=arguments.length;c<d;c++)for(b in e=arguments[c])a[b]=e[b];return a}var c,d,e,f,g,h,i,j,k,l,m=Object.cr"
.next/server/chunks/ssr/node_modules_next_dist_0ayh1be._.js,.,"module.exports=[73576,(a,b,c)=>{""use strict"";function d(a){return a.startsWith(""/"")?a:`/${a}`}Object.defineProperty(c,""__esModule"",{value:!0}),Object.defineProperty(c,""ensureLeadingSlash"",{enumerable:"
.next/server/chunks/ssr/node_modules_next_dist_0jlf4i0._.js,.,"module.exports=[3343,a=>{""use strict"";var b,c=((b={}).PAGES=""PAGES"",b.PAGES_API=""PAGES_API"",b.APP_PAGE=""APP_PAGE"",b.APP_ROUTE=""APP_ROUTE"",b.IMAGE=""IMAGE"",b);a.s([""RouteKind"",0,c])},29432,a=>{""use stri"
.next/server/chunks/ssr/node_modules_next_dist_0qqttze._.js,.,"module.exports=[35112,(a,b,c)=>{""use strict"";b.exports=a.r(97877).vendored[""react-ssr""].ReactDOM},36313,(a,b,c)=>{""use strict"";b.exports=a.r(97877).vendored.contexts.HooksClientContext},57516,a=>{""use"
.next/server/chunks/ssr/node_modules_next_dist_17i19if._.js,.,"module.exports=[90256,(a,b,c)=>{""use strict"";function d(a){return a.replace(/\\/g,""/"")}Object.defineProperty(c,""__esModule"",{value:!0}),Object.defineProperty(c,""normalizePathSep"",{enumerable:!0,get:fu"
.next/server/chunks/ssr/node_modules_next_dist_1vq9jio._.js,.,"module.exports=[99870,(a,b,c)=>{""use strict"";Object.defineProperty(c,""__esModule"",{value:!0});var d={ACTION_SUFFIX:function(){return q},APP_DIR_ALIAS:function(){return P},CACHE_ONE_YEAR_SECONDS:functi"
.next/server/chunks/ssr/node_modules_next_dist_client_components_0wpq8j3._.js,.,"module.exports=[53686,(a,b,c)=>{""use strict"";Object.defineProperty(c,""__esModule"",{value:!0}),Object.defineProperty(c,""styles"",{enumerable:!0,get:function(){return d}});let d={error:{fontFamily:'syste"
.next/server/chunks/ssr/node_modules_next_dist_client_components_builtin_forbidden_0symwr9.js,.,"module.exports=[85523,(a,b,c)=>{""use strict"";Object.defineProperty(c,""__esModule"",{value:!0}),Object.defineProperty(c,""default"",{enumerable:!0,get:function(){return f}});let d=a.r(7997),e=a.r(72421);f"
.next/server/chunks/ssr/node_modules_next_dist_client_components_builtin_global-error_0-o-goa.js,.,"module.exports=[4276,(a,b,c)=>{let{createClientModuleProxy:d}=a.r(11857);a.n(d(""[project]/node_modules/next/dist/client/components/builtin/global-error.js <module evaluation>""))},82509,(a,b,c)=>{let{c"
.next/server/chunks/ssr/node_modules_next_dist_client_components_builtin_unauthorized_0l_sp0x.js,.,"module.exports=[45518,(a,b,c)=>{""use strict"";Object.defineProperty(c,""__esModule"",{value:!0}),Object.defineProperty(c,""default"",{enumerable:!0,get:function(){return f}});let d=a.r(7997),e=a.r(72421);f"
.next/server/chunks/ssr/node_modules_next_dist_compiled_1iylvrn._.js,.,"module.exports=[62562,(a,b,c)=>{(()=>{""use strict"";let c,d,e,f,g;var h,i,j,k,l,m,n,o,p,q,r,s,t,u,v,w,x={491:(a,b,c)=>{Object.defineProperty(b,""__esModule"",{value:!0}),b.ContextAPI=void 0;let d=c(223),"
.next/server/chunks/ssr/node_modules_next_dist_esm_build_templates_app-page_02kgp43.js,.,"module.exports=[37327,a=>{""use strict"";var b=a.i(52425),c=a.i(71306),d=a.i(79847),e=a.i(9185),f=a.i(72842),g=a.i(54897),h=a.i(56157),i=a.i(94331),j=a.i(15988),k=a.i(25766),l=a.i(29725),m=a.i(90833),n="
.next/server/chunks/ssr/node_modules_next_dist_esm_build_templates_app-page_06zp_1r.js,.,"module.exports=[91654,a=>{""use strict"";var b=a.i(52425),c=a.i(71306),d=a.i(79847),e=a.i(9185),f=a.i(72842),g=a.i(54897),h=a.i(56157),i=a.i(94331),j=a.i(15988),k=a.i(25766),l=a.i(29725),m=a.i(90833),n="
.next/server/chunks/ssr/node_modules_next_dist_esm_build_templates_app-page_08b8vpe.js,.,"module.exports=[51203,a=>{""use strict"";var b=a.i(52425),c=a.i(71306),d=a.i(79847),e=a.i(9185),f=a.i(72842),g=a.i(54897),h=a.i(56157),i=a.i(94331),j=a.i(15988),k=a.i(25766),l=a.i(29725),m=a.i(90833),n="
.next/server/chunks/ssr/node_modules_next_dist_esm_build_templates_app-page_0_bbpif.js,.,"module.exports=[50826,a=>{""use strict"";var b=a.i(52425),c=a.i(71306),d=a.i(79847),e=a.i(9185),f=a.i(72842),g=a.i(54897),h=a.i(56157),i=a.i(94331),j=a.i(15988),k=a.i(25766),l=a.i(29725),m=a.i(90833),n="
.next/server/chunks/ssr/node_modules_next_dist_esm_build_templates_app-page_0b1uzhh.js,.,"module.exports=[57639,a=>{""use strict"";var b=a.i(52425),c=a.i(71306),d=a.i(79847),e=a.i(9185),f=a.i(72842),g=a.i(54897),h=a.i(56157),i=a.i(94331),j=a.i(15988),k=a.i(25766),l=a.i(29725),m=a.i(90833),n="
.next/server/chunks/ssr/node_modules_next_dist_esm_build_templates_app-page_0bchiu1.js,.,"module.exports=[70804,a=>{""use strict"";var b=a.i(52425),c=a.i(71306),d=a.i(79847),e=a.i(9185),f=a.i(72842),g=a.i(54897),h=a.i(56157),i=a.i(94331),j=a.i(15988),k=a.i(25766),l=a.i(29725),m=a.i(90833),n="
.next/server/chunks/ssr/node_modules_next_dist_esm_build_templates_app-page_0dq5iwc.js,.,"module.exports=[99726,a=>{""use strict"";var b=a.i(52425),c=a.i(71306),d=a.i(79847),e=a.i(9185),f=a.i(72842),g=a.i(54897),h=a.i(56157),i=a.i(94331),j=a.i(15988),k=a.i(25766),l=a.i(29725),m=a.i(90833),n="
.next/server/chunks/ssr/node_modules_next_dist_esm_build_templates_app-page_18uzvmz.js,.,"module.exports=[58008,a=>{""use strict"";var b=a.i(52425),c=a.i(71306),d=a.i(79847),e=a.i(9185),f=a.i(72842),g=a.i(54897),h=a.i(56157),i=a.i(94331),j=a.i(15988),k=a.i(25766),l=a.i(29725),m=a.i(90833),n="
.next/server/chunks/ssr/node_modules_next_dist_esm_build_templates_app-page_18v5ssi.js,.,"module.exports=[33563,a=>{""use strict"";var b=a.i(52425),c=a.i(71306),d=a.i(79847),e=a.i(9185),f=a.i(72842),g=a.i(54897),h=a.i(56157),i=a.i(94331),j=a.i(15988),k=a.i(25766),l=a.i(29725),m=a.i(90833),n="
.next/server/chunks/ssr/node_modules_next_dist_esm_build_templates_app-page_190_i3n.js,.,"module.exports=[33851,a=>{""use strict"";var b=a.i(52425),c=a.i(71306),d=a.i(79847),e=a.i(9185),f=a.i(72842),g=a.i(54897),h=a.i(56157),i=a.i(94331),j=a.i(15988),k=a.i(25766),l=a.i(29725),m=a.i(90833),n="
.next/server/chunks/ssr/node_modules_next_dist_esm_build_templates_app-page_1im48w0.js,.,"module.exports=[95277,a=>{""use strict"";var b=a.i(52425),c=a.i(71306),d=a.i(79847),e=a.i(9185),f=a.i(72842),g=a.i(54897),h=a.i(56157),i=a.i(94331),j=a.i(15988),k=a.i(25766),l=a.i(29725),m=a.i(90833),n="
.next/server/chunks/ssr/node_modules_next_dist_esm_build_templates_app-page_20tfiv_.js,.,"module.exports=[75315,a=>{""use strict"";var b=a.i(52425),c=a.i(71306),d=a.i(79847),e=a.i(9185),f=a.i(72842),g=a.i(54897),h=a.i(56157),i=a.i(94331),j=a.i(15988),k=a.i(25766),l=a.i(29725),m=a.i(90833),n="
.next/server/chunks/ssr/src_app_layout_tsx_0r5yz5t._.js,.,"module.exports=[27572,a=>{""use strict"";var b=a.i(7997);a.s([""default"",0,function({children:a}){return(0,b.jsx)(""html"",{lang:""en"",className:""h-full antialiased"",children:(0,b.jsx)(""body"",{className:""mi"
.next/server/chunks/ssr/src_components_resort-map_tsx_18yoj3n._.js,.,"module.exports=[33398,a=>{""use strict"";var b=a.i(87924),c=a.i(72131),d=a.i(70106);let e=(0,d.default)(""bot"",[[""path"",{d:""M12 8V4H8"",key:""hb8ula""}],[""rect"",{width:""16"",height:""12"",x:""4"",y:""8"",rx:""2"",ke"
.next/server/chunks/ssr/src_components_trip-planner_tsx_0r0qvrh._.js,.,"module.exports=[57343,a=>{""use strict"";var b=a.i(87924),c=a.i(72131),d=a.i(38246),e=a.i(70106);let f=(0,e.default)(""arrow-down"",[[""path"",{d:""M12 5v14"",key:""s699le""}],[""path"",{d:""m19 12-7 7-7-7"",key:""1"
.next/server/chunks/ssr/src_components_trip-share-link_tsx_1flr7ww._.js,.,"module.exports=[39056,a=>{""use strict"";var b=a.i(87924),c=a.i(72131),d=a.i(70106);let e=(0,d.default)(""check"",[[""path"",{d:""M20 6 9 17l-5-5"",key:""1gmf2c""}]]),f=(0,d.default)(""copy"",[[""rect"",{width:""14"""
.next/server/functions-config-manifest.json,.,"{   ""version"": 1,   ""functions"": {} }"
.next/server/interception-route-rewrite-manifest.js,.,"self.__INTERCEPTION_ROUTE_REWRITE_MANIFEST=""[]"";"
.next/server/middleware-build-manifest.js,.,"globalThis.__BUILD_MANIFEST = {   ""pages"": {     ""/_app"": []   },   ""devFiles"": [],   ""polyfillFiles"": [     ""static/chunks/0cz1d0mv5g_q7.js""   ],   ""lowPriorityFiles"": [     ""static/-wAVKDZ8tYn8LuAVO"
.next/server/middleware-manifest.json,.,"{   ""version"": 3,   ""middleware"": {},   ""sortedMiddleware"": [],   ""functions"": {} }"
.next/server/next-font-manifest.js,.,"self.__NEXT_FONT_MANIFEST=""{\n  \""app\"": {},\n  \""appUsingSizeAdjust\"": false,\n  \""pages\"": {},\n  \""pagesUsingSizeAdjust\"": false\n}"""
.next/server/next-font-manifest.json,.,"{   ""app"": {},   ""appUsingSizeAdjust"": false,   ""pages"": {},   ""pagesUsingSizeAdjust"": false }"
.next/server/pages-manifest.json,.,"{   ""/404"": ""pages/404.html"",   ""/500"": ""pages/500.html"" }"
.next/server/pages/404.html,.,"<!DOCTYPE html><html lang=""en"" class=""h-full antialiased""><head><meta charSet=""utf-8""/><meta name=""viewport"" content=""width=device-width, initial-scale=1""/><link rel=""stylesheet"" href=""/_next/static/c"
.next/server/pages/500.html,.,"<!DOCTYPE html><html id=""__next_error__""><head><meta charSet=""utf-8""/><meta name=""viewport"" content=""width=device-width, initial-scale=1""/><link rel=""preload"" as=""script"" fetchPriority=""low"" href=""/_n"
.next/server/prefetch-hints.json,.,{}
.next/server/server-reference-manifest.js,.,"self.__RSC_SERVER_MANIFEST=""{\n  \""node\"": {\n    \""00ce0dbc27091768e60fe72aaf1f979ef534af79fa\"": {\n      \""workers\"": {\n        \""app/login/page\"": {\n          \""moduleId\"": 59740,\n          \""as"
.next/server/server-reference-manifest.json,.,"{   ""node"": {     ""00ce0dbc27091768e60fe72aaf1f979ef534af79fa"": {       ""workers"": {         ""app/login/page"": {           ""moduleId"": 59740,           ""async"": false,           ""exportedName"": ""signO"
.next/static/-wAVKDZ8tYn8LuAVORQoN/_buildManifest.js,.,"self.__BUILD_MANIFEST = {   ""__rewrites"": {     ""afterFiles"": [],     ""beforeFiles"": [],     ""fallback"": []   },   ""sortedPages"": [     ""/_app"",     ""/_error""   ] };self.__BUILD_MANIFEST_CB && self.__"
.next/static/-wAVKDZ8tYn8LuAVORQoN/_clientMiddlewareManifest.js,.,self.__MIDDLEWARE_MATCHERS = [];self.__MIDDLEWARE_MATCHERS_CB && self.__MIDDLEWARE_MATCHERS_CB()
.next/static/-wAVKDZ8tYn8LuAVORQoN/_ssgManifest.js,.,self.__SSG_MANIFEST=new Set([]);self.__SSG_MANIFEST_CB&&self.__SSG_MANIFEST_CB()
.next/static/chunks/05-c3ty_6dwfk.js,.,"(globalThis.TURBOPACK||(globalThis.TURBOPACK=[])).push([""object""==typeof document?document.currentScript:void 0,33525,(e,r,t)=>{""use strict"";Object.defineProperty(t,""__esModule"",{value:!0}),Object.def"
.next/static/chunks/07u_h6i539_wj.js,.,"(globalThis.TURBOPACK||(globalThis.TURBOPACK=[])).push([""object""==typeof document?document.currentScript:void 0,43369,(e,t,r)=>{""use strict"";let n;Object.defineProperty(r,""__esModule"",{value:!0});var "
.next/static/chunks/0cz1d0mv5g_q7.js,.,"!function(){var t=""undefined""!=typeof globalThis?globalThis:""undefined""!=typeof window?window:""undefined""!=typeof global?global:""undefined""!=typeof self?self:{};function e(t){var e={exports:{}};return"
.next/static/chunks/0ls11j2txjbu0.js,.,"(globalThis.TURBOPACK||(globalThis.TURBOPACK=[])).push([""object""==typeof document?document.currentScript:void 0,32322,(t,i,e)=>{t.e,function(t){""use strict"";function i(t){var i,e,n,o;for(e=1,n=argumen"
.next/static/chunks/0pqew01kbr1g3.js,.,"(globalThis.TURBOPACK||(globalThis.TURBOPACK=[])).push([""object""==typeof document?document.currentScript:void 0,75254,7670,e=>{""use strict"";var r=e.i(71645);let o=e=>{let r=e.replace(/^([A-Z])|[\s-_]+"
.next/static/chunks/1-zj7rnuhch9-.js,.,"(globalThis.TURBOPACK||(globalThis.TURBOPACK=[])).push([""object""==typeof document?document.currentScript:void 0,95057,(e,t,r)=>{""use strict"";Object.defineProperty(r,""__esModule"",{value:!0});var n={for"
.next/static/chunks/14mrh2-p_w84d.js,.,"(globalThis.TURBOPACK||(globalThis.TURBOPACK=[])).push([""object""==typeof document?document.currentScript:void 0,91915,(e,t,r)=>{""use strict"";function n(e,t={}){if(t.onlyHashChange)return void e();let "
.next/static/chunks/15orcrkp-_9ct.js,.,"(globalThis.TURBOPACK||(globalThis.TURBOPACK=[])).push([""object""==typeof document?document.currentScript:void 0,32061,(e,t,r)=>{""use strict"";Object.defineProperty(r,""__esModule"",{value:!0});var n={Bai"
.next/static/chunks/1rxncug86bump.js,.,"(globalThis.TURBOPACK||(globalThis.TURBOPACK=[])).push([""object""==typeof document?document.currentScript:void 0,95057,(e,t,r)=>{""use strict"";Object.defineProperty(r,""__esModule"",{value:!0});var n={for"
.next/static/chunks/1wncmx6cjmt_a.js,.,"(globalThis.TURBOPACK||(globalThis.TURBOPACK=[])).push([""object""==typeof document?document.currentScript:void 0,75254,7670,e=>{""use strict"";var r=e.i(71645);let o=e=>{let r=e.replace(/^([A-Z])|[\s-_]+"
.next/static/chunks/2bqdmtnt6qbq8.js,.,"(globalThis.TURBOPACK||(globalThis.TURBOPACK=[])).push([""object""==typeof document?document.currentScript:void 0,95057,(e,t,r)=>{""use strict"";Object.defineProperty(r,""__esModule"",{value:!0});var n={for"
.next/static/chunks/2ca_6xx7po336.js,.,"(globalThis.TURBOPACK||(globalThis.TURBOPACK=[])).push([""object""==typeof document?document.currentScript:void 0,5409,e=>{""use strict"";var t=e.i(43476),a=e.i(71645),s=e.i(22016),i=e.i(75254);let r=(0,i"
.next/static/chunks/2zsd8lb7a7hms.css,.,".leaflet-pane,.leaflet-tile,.leaflet-marker-icon,.leaflet-marker-shadow,.leaflet-tile-container,.leaflet-pane>svg,.leaflet-pane>canvas,.leaflet-zoom-box,.leaflet-image-layer,.leaflet-layer{position:ab"
.next/static/chunks/3dnqpd739ef81.js,.,"(globalThis.TURBOPACK||(globalThis.TURBOPACK=[])).push([""object""==typeof document?document.currentScript:void 0,95057,(e,t,r)=>{""use strict"";Object.defineProperty(r,""__esModule"",{value:!0});var n={for"
.next/static/chunks/3n7dm2ojtyzwn.js,.,"(globalThis.TURBOPACK||(globalThis.TURBOPACK=[])).push([""object""==typeof document?document.currentScript:void 0,23755,(e,t,n)=>{""use strict"";Object.defineProperty(n,""__esModule"",{value:!0});let r=(0,e"
.next/static/chunks/3z5q_p4msz2ha.js,.,"(globalThis.TURBOPACK||(globalThis.TURBOPACK=[])).push([""object""==typeof document?document.currentScript:void 0,35451,(e,t,r)=>{var n={229:function(e){var t,r,n,o=e.exports={};function u(){throw Error"
.next/static/chunks/turbopack-2jqx-rioszt2c.js,.,"(globalThis.TURBOPACK||(globalThis.TURBOPACK=[])).push([""object""==typeof document?document.currentScript:void 0,{otherChunks:[""static/chunks/3z5q_p4msz2ha.js"",""static/chunks/15orcrkp-_9ct.js"",""static/"
.next/types/cache-life.d.ts,.,"// Type definitions for Next.js cacheLife configs  declare module 'next/cache' {   export { unstable_cache } from 'next/dist/server/web/spec-extension/unstable-cache'   export {     updateTag,     rev"
.next/types/routes.d.ts,.,"// This file is generated automatically by Next.js // Do not edit this file manually  type AppRoutes = ""/"" | ""/login"" | ""/onboarding"" | ""/plan"" | ""/privacy"" | ""/profile"" | ""/share/[token]"" | ""/terms"" "
.next/types/validator.ts,.,"// This file is generated automatically by Next.js // Do not edit this file manually // This file validates that all pages and layouts export the correct types  import type { AppRoutes, LayoutRoutes, "
eslint.config.mjs,.,"import { defineConfig, globalIgnores } from ""eslint/config""; import nextVitals from ""eslint-config-next/core-web-vitals""; import nextTs from ""eslint-config-next/typescript"";  const eslintConfig = defi"
next-env.d.ts,.,"/// <reference types=""next"" /> /// <reference types=""next/image-types/global"" /> import ""./.next/dev/types/routes.d.ts"";  // NOTE: This file should not be edited // see https://nextjs.org/docs/app/api"
next.config.ts,.,"import type { NextConfig } from ""next"";  const nextConfig: NextConfig = {   /* config options here */ };  export default nextConfig; "
package.json,.,"{   ""name"": ""slopetrip"",   ""version"": ""0.1.0"",   ""private"": true,   ""scripts"": {     ""dev"": ""next dev --turbopack"",     ""build"": ""next build --turbopack"",     ""start"": ""next start"",     ""lint"": ""eslin"
postcss.config.mjs,.,"const config = {   plugins: {     ""@tailwindcss/postcss"": {},   }, };  export default config; "
src/app/api/conditions/sync/route.ts,.,"import { NextResponse } from ""next/server""; import { apiError } from ""@/lib/api""; import { buildConditionSyncSnapshot } from ""@/lib/conditions""; import { logApiEvent } from ""@/lib/observability""; impo"
src/app/api/resorts/[id]/route.ts,.,"import { NextResponse } from ""next/server""; import { getResortById } from ""@/lib/resorts"";  export async function GET(   _request: Request,   { params }: { params: Promise<{ id: string }> }, ) {   con"
src/app/api/resorts/route.ts,.,"import { NextResponse } from ""next/server""; import { resorts } from ""@/lib/resorts"";  export async function GET() {   return NextResponse.json({ resorts }); } "
src/app/api/routes/matrix/route.ts,.,"import { NextResponse } from ""next/server""; import { apiError, formatZodError, parseJsonBody } from ""@/lib/api""; import { computeRouteMatrix } from ""@/lib/route-estimates""; import { addRateLimitHeader"
src/app/api/trips/[id]/duplicate/route.test.ts,.,"import { beforeEach, describe, expect, it, vi } from ""vitest""; import { POST } from ""@/app/api/trips/[id]/duplicate/route""; import { duplicateTripForCurrentUser } from ""@/lib/supabase/data"";  vi.mock("
src/app/api/trips/[id]/duplicate/route.ts,.,"import { NextResponse } from ""next/server""; import { apiError, formatZodError, parseJsonBody } from ""@/lib/api""; import { logApiEvent } from ""@/lib/observability""; import { duplicateTripForCurrentUser"
src/app/api/trips/[id]/route.test.ts,.,"import { beforeEach, describe, expect, it, vi } from ""vitest""; import { DELETE, PATCH } from ""@/app/api/trips/[id]/route""; import { deleteTripForCurrentUser, updateTripForCurrentUser } from ""@/lib/sup"
src/app/api/trips/[id]/route.ts,.,"import { NextResponse } from ""next/server""; import { apiError, formatZodError, parseJsonBody } from ""@/lib/api""; import { logApiEvent } from ""@/lib/observability""; import { deleteTripForCurrentUser, u"
src/app/api/trips/[id]/share/route.test.ts,.,"import { beforeEach, describe, expect, it, vi } from ""vitest""; import { POST } from ""@/app/api/trips/[id]/share/route""; import { setTripSharingForCurrentUser } from ""@/lib/supabase/data"";  vi.mock(""@/"
src/app/api/trips/[id]/share/route.ts,.,"import { NextResponse } from ""next/server""; import { apiError, formatZodError, parseJsonBody } from ""@/lib/api""; import { logApiEvent } from ""@/lib/observability""; import { setTripSharingForCurrentUse"
src/app/api/trips/chat/route.ts,.,"import { NextResponse } from ""next/server""; import { apiError, formatZodError, parseJsonBody } from ""@/lib/api""; import { answerTripQuestion } from ""@/lib/gemini""; import { addRateLimitHeaders, logApi"
src/app/api/trips/recommend/route.test.ts,.,"import { beforeEach, describe, expect, it } from ""vitest""; import { POST } from ""@/app/api/trips/recommend/route""; import { clearRateLimitBuckets } from ""@/lib/rate-limit"";  const validPayload = {   d"
src/app/api/trips/recommend/route.ts,.,"import { NextResponse } from ""next/server""; import { apiError, formatZodError, parseJsonBody } from ""@/lib/api""; import { recommendTrip } from ""@/lib/gemini""; import { addRateLimitHeaders, logApiEvent"
src/app/api/trips/route.test.ts,.,"import { beforeEach, describe, expect, it, vi } from ""vitest""; import { GET, POST } from ""@/app/api/trips/route""; import { getTripsForCurrentUser, saveGeneratedTripForCurrentUser } from ""@/lib/supabas"
src/app/api/trips/route.ts,.,"import { NextResponse } from ""next/server""; import { apiError, formatZodError, parseJsonBody } from ""@/lib/api""; import { logApiEvent } from ""@/lib/observability""; import { getTripsForCurrentUser, sav"
src/app/globals.css,.,"@import ""tailwindcss"";  :root {   --background: #eef8fb;   --foreground: #082a31;   --card: #fbfeff;   --card-foreground: #082a31;   --primary: #073f4b;   --primary-foreground: #f7fcff;   --secondary:"
src/app/layout.tsx,.,"import type { Metadata } from ""next""; import ""leaflet/dist/leaflet.css""; import ""./globals.css"";  export const metadata: Metadata = {   title: ""SlopeTrip | Ski Trip Planner"",   description: ""Explore s"
src/app/login/page.tsx,.,"import { AppShell } from ""@/components/app-shell""; import { Button } from ""@/components/ui/button""; import { Card, CardContent, CardDescription, CardHeader, CardTitle } from ""@/components/ui/card""; im"
src/app/onboarding/page.tsx,.,"import { AppShell } from ""@/components/app-shell""; import { Button } from ""@/components/ui/button""; import { Card, CardContent, CardDescription, CardHeader, CardTitle } from ""@/components/ui/card""; im"
src/app/page.tsx,.,"import { AppShell } from ""@/components/app-shell""; import { ResortMap } from ""@/components/resort-map""; import { resorts } from ""@/lib/resorts"";  export default function Home() {   return (     <AppSh"
src/app/plan/page.tsx,.,"import { AppShell } from ""@/components/app-shell""; import { TripPlanner } from ""@/components/trip-planner""; import { resorts } from ""@/lib/resorts""; import { getCurrentUser } from ""@/lib/supabase/auth"
src/app/privacy/page.tsx,.,"import { AppShell } from ""@/components/app-shell""; import { Card, CardContent, CardDescription, CardHeader, CardTitle } from ""@/components/ui/card"";  export default function PrivacyPage() {   return ("
src/app/profile/page.tsx,.,"import { AppShell } from ""@/components/app-shell""; import { Card, CardContent, CardDescription, CardHeader, CardTitle } from ""@/components/ui/card""; import { Button } from ""@/components/ui/button""; im"
src/app/share/[token]/page.tsx,.,"import Link from ""next/link""; import { CalendarDays, DollarSign, LockKeyhole, MapPinned } from ""lucide-react""; import { AppShell } from ""@/components/app-shell""; import { Badge } from ""@/components/ui"
src/app/terms/page.tsx,.,"import { AppShell } from ""@/components/app-shell""; import { Card, CardContent, CardDescription, CardHeader, CardTitle } from ""@/components/ui/card"";  export default function TermsPage() {   return (  "
src/app/trips/[id]/page.tsx,.,"import { AppShell } from ""@/components/app-shell""; import { TripShareLink } from ""@/components/trip-share-link""; import { Badge } from ""@/components/ui/badge""; import { Button } from ""@/components/ui/"
src/app/trips/page.tsx,.,"import Link from ""next/link""; import {   Archive,   CopyPlus,   ExternalLink,   Eye,   Pencil,   RotateCcw,   Share2,   Trash2, } from ""lucide-react""; import { AppShell } from ""@/components/app-shell"""
src/components/app-shell.tsx,.,"import Link from ""next/link""; import { Mountain, UserRound } from ""lucide-react""; import { Button } from ""@/components/ui/button""; import { getCurrentUser } from ""@/lib/supabase/auth""; import { signOu"
src/components/resort-map.tsx,.,"""use client"";  import { memo, useCallback, useEffect, useMemo, useRef, useState } from ""react""; import type * as Leaflet from ""leaflet""; import { Bot, MapPin, Search, Send, SlidersHorizontal, Snowflak"
src/components/trip-planner.tsx,.,"""use client"";  import { useMemo, useState } from ""react""; import Link from ""next/link""; import {   ArrowDown,   ArrowUp,   Bed,   CalendarDays,   Car,   DollarSign,   ExternalLink,   Filter,   Fuel,  "
src/components/trip-share-link.tsx,.,"""use client"";  import { useMemo, useState } from ""react""; import { Check, Copy } from ""lucide-react""; import { Button } from ""@/components/ui/button"";  export function TripShareLink({ token }: { token"
src/components/ui/badge.tsx,.,"import * as React from ""react""; import { cn } from ""@/lib/utils"";  type BadgeProps = React.HTMLAttributes<HTMLSpanElement> & {   variant?: ""default"" | ""secondary"" | ""outline"" | ""signal""; };  export fu"
src/components/ui/button.tsx,.,"import * as React from ""react""; import { cva, type VariantProps } from ""class-variance-authority""; import { cn } from ""@/lib/utils"";  const buttonVariants = cva(   ""inline-flex items-center justify-ce"
src/components/ui/card.tsx,.,"import * as React from ""react""; import { cn } from ""@/lib/utils"";  export function Card({ className, ...props }: React.HTMLAttributes<HTMLDivElement>) {   return (     <div       className={cn(""rounde"
src/components/ui/input.tsx,.,"import * as React from ""react""; import { cn } from ""@/lib/utils"";  export function Input({ className, type, ...props }: React.InputHTMLAttributes<HTMLInputElement>) {   return (     <input       type="
src/components/ui/label.tsx,.,"import * as React from ""react""; import { cn } from ""@/lib/utils"";  export function Label({ className, ...props }: React.LabelHTMLAttributes<HTMLLabelElement>) {   return (     <label       className={"
src/lib/api.ts,.,"import { NextResponse } from ""next/server""; import type { ZodError } from ""zod"";  export function apiError(   error: string,   status: number,   details?: unknown, ) {   return NextResponse.json(detai"
src/lib/conditions.ts,.,"import type { Resort, ResortConditionSnapshot } from ""@/lib/types"";  export type ConditionFreshness = {   daysOld: number;   status: ""current"" | ""aging"" | ""stale"";   label: string;   detail: string; }"
src/lib/gemini.test.ts,.,"import { beforeEach, describe, expect, it } from ""vitest""; import { answerTripQuestion, recommendTrip } from ""@/lib/gemini""; import type { TripRecommendationRequest } from ""@/lib/types"";  const reques"
src/lib/gemini.ts,.,"import { GoogleGenAI } from ""@google/genai""; import { buildDemoRecommendation } from ""@/lib/recommendation""; import { getResortById, resorts } from ""@/lib/resorts""; import type { AbilityLevel, ResortR"
src/lib/geocode.ts,.,"type GeocodedLocation = {   label: string;   latitude: number;   longitude: number;   precision: ""city"" | ""state"" | ""zip-prefix""; };  const knownLocations: GeocodedLocation[] = [   { label: ""Boston, M"
src/lib/observability.ts,.,"type ApiEventContext = Record<string, string | number | boolean | null | undefined>;  export function logApiEvent(event: string, context: ApiEventContext = {}) {   console.info(     JSON.stringify({  "
src/lib/rate-limit.ts,.,"type Bucket = {   count: number;   resetAt: number; };  const buckets = new Map<string, Bucket>();  export function checkRateLimit(key: string, limit: number, windowMs = 60 * 60 * 1000) {   const now "
src/lib/recommendation.test.ts,.,"import { describe, expect, it } from ""vitest""; import { resorts } from ""@/lib/resorts""; import {   buildDemoRecommendation,   estimateTripCost,   getEffectiveTicketCost,   scoreResort, } from ""@/lib/r"
src/lib/recommendation.ts,.,"import { resorts } from ""@/lib/resorts""; import type {   AbilityLevel,   RecommendationFactor,   Resort,   TripRecommendationRequest,   TripRecommendationResult, } from ""@/lib/types"";  const abilityWe"
src/lib/resort-amenities.ts,.,"import type { Resort } from ""@/lib/types"";  export type ResortAmenityKey =   | ""beginnerFriendly""   | ""lessons""   | ""rentals""   | ""nightSkiing""   | ""adaptiveAccess""   | ""transitAccess"";  export type R"
src/lib/resorts.ts,.,"import type { Resort } from ""@/lib/types"";  export const resorts: Resort[] = [   {     id: ""stowe"",     name: ""Stowe Mountain Resort"",     slug: ""stowe-mountain-resort"",     state: ""VT"",     region: """
src/lib/route-estimates.ts,.,"import { getResortById } from ""@/lib/resorts"";  type MatrixResult = {   resortId: string;   distanceMiles: number;   driveHours: number;   source: ""estimate""; };  export async function computeRouteMat"
src/lib/supabase/actions.ts,.,"""use server"";  import { revalidatePath } from ""next/cache""; import { redirect } from ""next/navigation""; import { geocodeLocationLabel } from ""@/lib/geocode""; import { createClient } from ""@/lib/supaba"
src/lib/supabase/auth.ts,.,"import { redirect } from ""next/navigation""; import { createClient } from ""@/lib/supabase/server"";  export async function getCurrentUser() {   const supabase = await createClient();   if (!supabase) re"
src/lib/supabase/client.ts,.,"import { createBrowserClient } from ""@supabase/ssr"";  export function createClient() {   const url = process.env.NEXT_PUBLIC_SUPABASE_URL;   const key = process.env.NEXT_PUBLIC_SUPABASE_ANON_KEY;    i"
src/lib/supabase/data.ts,.,"import { randomBytes } from ""node:crypto""; import { getResortById } from ""@/lib/resorts""; import type {   AbilityLevel,   PlannerTripSeed,   ResortPassAffiliation,   TripCostAssumptions,   TripRecomme"
src/lib/supabase/server.ts,.,"import { cookies } from ""next/headers""; import { createClient as createSupabaseClient } from ""@supabase/supabase-js""; import { createServerClient } from ""@supabase/ssr"";  export async function createC"
src/lib/types.ts,.,"export type AbilityLevel = ""beginner"" | ""intermediate"" | ""expert"";  export type ResortRegion = ""northeast"" | ""midwest"" | ""rockies"" | ""west"" | ""pacific"";  export type ResortPassAffiliation =   | ""epic"""
src/lib/utils.ts,.,"import { clsx, type ClassValue } from ""clsx""; import { twMerge } from ""tailwind-merge"";  export function cn(...inputs: ClassValue[]) {   return twMerge(clsx(inputs)); } "
src/lib/validation.test.ts,.,"import { describe, expect, it } from ""vitest""; import { profileSchema, tripRecommendationRequestSchema } from ""@/lib/validation"";  describe(""validation schemas"", () => {   it(""accepts valid onboarding"
src/lib/validation.ts,.,"import { z } from ""zod"";  export const abilityLevelSchema = z.enum([""beginner"", ""intermediate"", ""expert""]); export const resortRegionSchema = z.enum([""northeast"", ""midwest"", ""rockies"", ""west"", ""pacifi"
supabase/migrations/20260606150000_initial_schema.sql,.,"create extension if not exists ""pgcrypto"";  create type public.ability_level as enum ('beginner', 'intermediate', 'expert'); create type public.resort_region as enum ('northeast', 'midwest', 'rockies'"
supabase/migrations/20260606193000_add_resort_pass_affiliations.sql,.,alter table public.resorts   add column if not exists pass_affiliations text[] not null default '{}'; 
supabase/migrations/20260608120000_professionalization_backlog.sql,.,alter table public.profiles   add column if not exists pass_affiliations text[] not null default '{}';  alter table public.trips   add column if not exists status text not null default 'active'     ch
supabase/seed.sql,.,"insert into public.resorts (   id, name, slug, state, region, latitude, longitude, elevation_ft, acres, trails,   difficulty, ticket_estimate_usd, rental_estimate_usd, lodging_estimate_usd, image_url,"
tsconfig.json,.,"{   ""compilerOptions"": {     ""target"": ""ES2017"",     ""lib"": [""dom"", ""dom.iterable"", ""esnext""],     ""allowJs"": true,     ""skipLibCheck"": true,     ""strict"": true,     ""noEmit"": true,     ""esModuleInter"
vitest.config.ts,.,"import { defineConfig } from ""vitest/config""; import path from ""node:path"";  export default defineConfig({   test: {     environment: ""node"",     globals: true,   },   resolve: {     alias: {       ""@"
